,Filename,Label,ClassName
1176,snow/snow_000652.png,2,snow
1560,mountain-peaks/mountain-peaks_000043.png,0,mountain-peaks
76,mountains/mountains_000091.png,1,mountains
208,mountains/mountains_000249.png,1,mountains
126,mountains/mountains_000827.png,1,mountains
1642,mountain-peaks/mountain-peaks_000744.png,0,mountain-peaks
938,snow/snow_000754.png,2,snow
1861,mountain-peaks/mountain-peaks_000013.png,0,mountain-peaks
1836,mountain-peaks/mountain-peaks_000254.png,0,mountain-peaks
112,mountains/mountains_000053.png,1,mountains
408,mountains/mountains_000339.png,1,mountains
752,snow/snow_000709.png,2,snow
1100,snow/snow_000088.png,2,snow
1736,mountain-peaks/mountain-peaks_000997.png,0,mountain-peaks
1693,mountain-peaks/mountain-peaks_000658.png,0,mountain-peaks
171,mountains/mountains_000060.png,1,mountains
966,snow/snow_000985.png,2,snow
353,mountains/mountains_000698.png,1,mountains
1479,mountain-peaks/mountain-peaks_000051.png,0,mountain-peaks
913,snow/snow_000075.png,2,snow
561,mountains/mountains_000101.png,1,mountains
1498,mountain-peaks/mountain-peaks_000472.png,0,mountain-peaks
298,mountains/mountains_000450.png,1,mountains
959,snow/snow_000502.png,2,snow
1474,mountain-peaks/mountain-peaks_000753.png,0,mountain-peaks
209,mountains/mountains_000495.png,1,mountains
1057,snow/snow_000547.png,2,snow
1193,snow/snow_000513.png,2,snow
1446,mountain-peaks/mountain-peaks_000049.png,0,mountain-peaks
157,mountains/mountains_000485.png,1,mountains
1082,snow/snow_000481.png,2,snow
84,mountains/mountains_000138.png,1,mountains
1631,mountain-peaks/mountain-peaks_000072.png,0,mountain-peaks
1077,snow/snow_000136.png,2,snow
441,mountains/mountains_000870.png,1,mountains
34,mountains/mountains_000436.png,1,mountains
560,mountains/mountains_000637.png,1,mountains
1340,snow/snow_000614.png,2,snow
1945,mountain-peaks/mountain-peaks_000547.png,0,mountain-peaks
1849,mountain-peaks/mountain-peaks_000322.png,0,mountain-peaks
1612,mountain-peaks/mountain-peaks_000537.png,0,mountain-peaks
617,mountains/mountains_000586.png,1,mountains
2028,mountain-peaks/mountain-peaks_000796.png,0,mountain-peaks
5,mountains/mountains_000620.png,1,mountains
1250,snow/snow_000436.png,2,snow
256,mountains/mountains_000003.png,1,mountains
1785,mountain-peaks/mountain-peaks_000625.png,0,mountain-peaks
419,mountains/mountains_000987.png,1,mountains
526,mountains/mountains_000424.png,1,mountains
450,mountains/mountains_000889.png,1,mountains
252,mountains/mountains_000522.png,1,mountains
1033,snow/snow_000228.png,2,snow
1139,snow/snow_000906.png,2,snow
982,snow/snow_000172.png,2,snow
1790,mountain-peaks/mountain-peaks_000022.png,0,mountain-peaks
1260,snow/snow_000317.png,2,snow
750,snow/snow_000472.png,2,snow
589,mountains/mountains_000984.png,1,mountains
427,mountains/mountains_000814.png,1,mountains
1903,mountain-peaks/mountain-peaks_000891.png,0,mountain-peaks
1929,mountain-peaks/mountain-peaks_000153.png,0,mountain-peaks
1218,snow/snow_000381.png,2,snow
1104,snow/snow_000350.png,2,snow
449,mountains/mountains_000474.png,1,mountains
71,mountains/mountains_000740.png,1,mountains
1510,mountain-peaks/mountain-peaks_000975.png,0,mountain-peaks
2065,mountain-peaks/mountain-peaks_000288.png,0,mountain-peaks
1295,snow/snow_000948.png,2,snow
279,mountains/mountains_000232.png,1,mountains
782,snow/snow_000318.png,2,snow
468,mountains/mountains_000754.png,1,mountains
1477,mountain-peaks/mountain-peaks_000665.png,0,mountain-peaks
536,mountains/mountains_000695.png,1,mountains
323,mountains/mountains_000891.png,1,mountains
1113,snow/snow_000585.png,2,snow
2064,mountain-peaks/mountain-peaks_000420.png,0,mountain-peaks
1256,snow/snow_000961.png,2,snow
1638,mountain-peaks/mountain-peaks_000857.png,0,mountain-peaks
1776,mountain-peaks/mountain-peaks_000644.png,0,mountain-peaks
1527,mountain-peaks/mountain-peaks_000884.png,0,mountain-peaks
678,mountains/mountains_000051.png,1,mountains
416,mountains/mountains_000502.png,1,mountains
1086,snow/snow_000700.png,2,snow
315,mountains/mountains_000533.png,1,mountains
1800,mountain-peaks/mountain-peaks_000303.png,0,mountain-peaks
1709,mountain-peaks/mountain-peaks_000012.png,0,mountain-peaks
1966,mountain-peaks/mountain-peaks_000780.png,0,mountain-peaks
594,mountains/mountains_000260.png,1,mountains
365,mountains/mountains_000253.png,1,mountains
172,mountains/mountains_000389.png,1,mountains
1122,snow/snow_000467.png,2,snow
458,mountains/mountains_000131.png,1,mountains
1495,mountain-peaks/mountain-peaks_000760.png,0,mountain-peaks
264,mountains/mountains_000117.png,1,mountains
1821,mountain-peaks/mountain-peaks_000018.png,0,mountain-peaks
452,mountains/mountains_000417.png,1,mountains
123,mountains/mountains_000898.png,1,mountains
360,mountains/mountains_000841.png,1,mountains
1632,mountain-peaks/mountain-peaks_000763.png,0,mountain-peaks
207,mountains/mountains_000844.png,1,mountains
531,mountains/mountains_000236.png,1,mountains
230,mountains/mountains_000193.png,1,mountains
587,mountains/mountains_000678.png,1,mountains
735,snow/snow_000328.png,2,snow
1528,mountain-peaks/mountain-peaks_000574.png,0,mountain-peaks
396,mountains/mountains_000675.png,1,mountains
1211,snow/snow_000348.png,2,snow
1190,snow/snow_000747.png,2,snow
763,snow/snow_000789.png,2,snow
1419,mountain-peaks/mountain-peaks_000214.png,0,mountain-peaks
224,mountains/mountains_000330.png,1,mountains
806,snow/snow_000778.png,2,snow
1347,snow/snow_000629.png,2,snow
120,mountains/mountains_000842.png,1,mountains
2032,mountain-peaks/mountain-peaks_000277.png,0,mountain-peaks
868,snow/snow_000084.png,2,snow
1322,snow/snow_000972.png,2,snow
182,mountains/mountains_000096.png,1,mountains
619,mountains/mountains_000777.png,1,mountains
1157,snow/snow_000921.png,2,snow
813,snow/snow_000273.png,2,snow
1733,mountain-peaks/mountain-peaks_000006.png,0,mountain-peaks
1456,mountain-peaks/mountain-peaks_000345.png,0,mountain-peaks
1996,mountain-peaks/mountain-peaks_000485.png,0,mountain-peaks
504,mountains/mountains_000810.png,1,mountains
942,snow/snow_000880.png,2,snow
848,snow/snow_000498.png,2,snow
1664,mountain-peaks/mountain-peaks_000436.png,0,mountain-peaks
953,snow/snow_000530.png,2,snow
1809,mountain-peaks/mountain-peaks_000556.png,0,mountain-peaks
1436,mountain-peaks/mountain-peaks_000095.png,0,mountain-peaks
1280,snow/snow_000746.png,2,snow
88,mountains/mountains_000329.png,1,mountains
1947,mountain-peaks/mountain-peaks_000509.png,0,mountain-peaks
1994,mountain-peaks/mountain-peaks_000312.png,0,mountain-peaks
391,mountains/mountains_000171.png,1,mountains
1074,snow/snow_000061.png,2,snow
1054,snow/snow_000050.png,2,snow
52,mountains/mountains_000909.png,1,mountains
1719,mountain-peaks/mountain-peaks_000573.png,0,mountain-peaks
1643,mountain-peaks/mountain-peaks_000356.png,0,mountain-peaks
924,snow/snow_000883.png,2,snow
1530,mountain-peaks/mountain-peaks_000079.png,0,mountain-peaks
1778,mountain-peaks/mountain-peaks_000441.png,0,mountain-peaks
1008,snow/snow_000301.png,2,snow
486,mountains/mountains_000786.png,1,mountains
635,mountains/mountains_000714.png,1,mountains
1811,mountain-peaks/mountain-peaks_000892.png,0,mountain-peaks
1517,mountain-peaks/mountain-peaks_000622.png,0,mountain-peaks
1971,mountain-peaks/mountain-peaks_000719.png,0,mountain-peaks
1238,snow/snow_000581.png,2,snow
741,snow/snow_000743.png,2,snow
930,snow/snow_000625.png,2,snow
1837,mountain-peaks/mountain-peaks_000595.png,0,mountain-peaks
1890,mountain-peaks/mountain-peaks_000964.png,0,mountain-peaks
1925,mountain-peaks/mountain-peaks_000352.png,0,mountain-peaks
1605,mountain-peaks/mountain-peaks_000370.png,0,mountain-peaks
2057,mountain-peaks/mountain-peaks_000471.png,0,mountain-peaks
1981,mountain-peaks/mountain-peaks_000366.png,0,mountain-peaks
900,snow/snow_000244.png,2,snow
1281,snow/snow_000527.png,2,snow
29,mountains/mountains_000438.png,1,mountains
984,snow/snow_000966.png,2,snow
1546,mountain-peaks/mountain-peaks_000872.png,0,mountain-peaks
1373,snow/snow_000881.png,2,snow
532,mountains/mountains_000705.png,1,mountains
1954,mountain-peaks/mountain-peaks_000404.png,0,mountain-peaks
1320,snow/snow_000610.png,2,snow
1298,snow/snow_000233.png,2,snow
1764,mountain-peaks/mountain-peaks_000767.png,0,mountain-peaks
127,mountains/mountains_000361.png,1,mountains
22,mountains/mountains_000070.png,1,mountains
282,mountains/mountains_000874.png,1,mountains
914,snow/snow_000794.png,2,snow
1199,snow/snow_000341.png,2,snow
1214,snow/snow_000387.png,2,snow
1367,snow/snow_000766.png,2,snow
1594,mountain-peaks/mountain-peaks_000705.png,0,mountain-peaks
1334,snow/snow_000954.png,2,snow
965,snow/snow_000105.png,2,snow
293,mountains/mountains_000301.png,1,mountains
1418,mountain-peaks/mountain-peaks_000929.png,0,mountain-peaks
725,snow/snow_000343.png,2,snow
146,mountains/mountains_000523.png,1,mountains
1752,mountain-peaks/mountain-peaks_000938.png,0,mountain-peaks
77,mountains/mountains_000362.png,1,mountains
239,mountains/mountains_000972.png,1,mountains
1713,mountain-peaks/mountain-peaks_000619.png,0,mountain-peaks
2043,mountain-peaks/mountain-peaks_000065.png,0,mountain-peaks
1437,mountain-peaks/mountain-peaks_000989.png,0,mountain-peaks
1152,snow/snow_000662.png,2,snow
1682,mountain-peaks/mountain-peaks_000304.png,0,mountain-peaks
1628,mountain-peaks/mountain-peaks_000373.png,0,mountain-peaks
319,mountains/mountains_000539.png,1,mountains
541,mountains/mountains_000188.png,1,mountains
1529,mountain-peaks/mountain-peaks_000681.png,0,mountain-peaks
1901,mountain-peaks/mountain-peaks_000123.png,0,mountain-peaks
1694,mountain-peaks/mountain-peaks_000313.png,0,mountain-peaks
342,mountains/mountains_000337.png,1,mountains
1381,snow/snow_000353.png,2,snow
996,snow/snow_000724.png,2,snow
1589,mountain-peaks/mountain-peaks_000949.png,0,mountain-peaks
1875,mountain-peaks/mountain-peaks_000981.png,0,mountain-peaks
869,snow/snow_000213.png,2,snow
1029,snow/snow_000180.png,2,snow
1452,mountain-peaks/mountain-peaks_000320.png,0,mountain-peaks
1739,mountain-peaks/mountain-peaks_000847.png,0,mountain-peaks
258,mountains/mountains_000172.png,1,mountains
1770,mountain-peaks/mountain-peaks_000580.png,0,mountain-peaks
2039,mountain-peaks/mountain-peaks_000203.png,0,mountain-peaks
972,snow/snow_000993.png,2,snow
1883,mountain-peaks/mountain-peaks_000546.png,0,mountain-peaks
24,mountains/mountains_000684.png,1,mountains
748,snow/snow_000805.png,2,snow
1028,snow/snow_000633.png,2,snow
1566,mountain-peaks/mountain-peaks_000902.png,0,mountain-peaks
1226,snow/snow_000641.png,2,snow
954,snow/snow_000758.png,2,snow
1045,snow/snow_000980.png,2,snow
2088,mountain-peaks/mountain-peaks_000476.png,0,mountain-peaks
1132,snow/snow_000076.png,2,snow
1279,snow/snow_000959.png,2,snow
343,mountains/mountains_000676.png,1,mountains
1820,mountain-peaks/mountain-peaks_000310.png,0,mountain-peaks
1297,snow/snow_000576.png,2,snow
1451,mountain-peaks/mountain-peaks_000097.png,0,mountain-peaks
573,mountains/mountains_000773.png,1,mountains
75,mountains/mountains_000920.png,1,mountains
753,snow/snow_000941.png,2,snow
1093,snow/snow_000074.png,2,snow
336,mountains/mountains_000591.png,1,mountains
301,mountains/mountains_000746.png,1,mountains
1217,snow/snow_000777.png,2,snow
937,snow/snow_000863.png,2,snow
1496,mountain-peaks/mountain-peaks_000385.png,0,mountain-peaks
799,snow/snow_000012.png,2,snow
140,mountains/mountains_000687.png,1,mountains
565,mountains/mountains_000011.png,1,mountains
1207,snow/snow_000402.png,2,snow
65,mountains/mountains_000764.png,1,mountains
583,mountains/mountains_000164.png,1,mountains
192,mountains/mountains_000314.png,1,mountains
1293,snow/snow_000218.png,2,snow
2029,mountain-peaks/mountain-peaks_000238.png,0,mountain-peaks
610,mountains/mountains_000302.png,1,mountains
277,mountains/mountains_000080.png,1,mountains
1969,mountain-peaks/mountain-peaks_000992.png,0,mountain-peaks
333,mountains/mountains_000982.png,1,mountains
1818,mountain-peaks/mountain-peaks_000518.png,0,mountain-peaks
1973,mountain-peaks/mountain-peaks_000943.png,0,mountain-peaks
827,snow/snow_000590.png,2,snow
2078,mountain-peaks/mountain-peaks_000078.png,0,mountain-peaks
524,mountains/mountains_000287.png,1,mountains
1136,snow/snow_000046.png,2,snow
402,mountains/mountains_000479.png,1,mountains
722,snow/snow_000441.png,2,snow
1640,mountain-peaks/mountain-peaks_000762.png,0,mountain-peaks
138,mountains/mountains_000369.png,1,mountains
618,mountains/mountains_000002.png,1,mountains
392,mountains/mountains_000704.png,1,mountains
1200,snow/snow_000106.png,2,snow
1870,mountain-peaks/mountain-peaks_000806.png,0,mountain-peaks
1392,snow/snow_000137.png,2,snow
802,snow/snow_000294.png,2,snow
2077,mountain-peaks/mountain-peaks_000914.png,0,mountain-peaks
653,mountains/mountains_000397.png,1,mountains
236,mountains/mountains_000895.png,1,mountains
250,mountains/mountains_000751.png,1,mountains
1225,snow/snow_000430.png,2,snow
651,mountains/mountains_000527.png,1,mountains
1913,mountain-peaks/mountain-peaks_000108.png,0,mountain-peaks
1573,mountain-peaks/mountain-peaks_000300.png,0,mountain-peaks
1333,snow/snow_000587.png,2,snow
1742,mountain-peaks/mountain-peaks_000880.png,0,mountain-peaks
269,mountains/mountains_000197.png,1,mountains
1108,snow/snow_000400.png,2,snow
1850,mountain-peaks/mountain-peaks_000157.png,0,mountain-peaks
225,mountains/mountains_000418.png,1,mountains
219,mountains/mountains_000069.png,1,mountains
280,mountains/mountains_000203.png,1,mountains
1881,mountain-peaks/mountain-peaks_000883.png,0,mountain-peaks
1939,mountain-peaks/mountain-peaks_000714.png,0,mountain-peaks
60,mountains/mountains_000872.png,1,mountains
1657,mountain-peaks/mountain-peaks_000409.png,0,mountain-peaks
1585,mountain-peaks/mountain-peaks_000597.png,0,mountain-peaks
325,mountains/mountains_000305.png,1,mountains
582,mountains/mountains_000524.png,1,mountains
1862,mountain-peaks/mountain-peaks_000331.png,0,mountain-peaks
1493,mountain-peaks/mountain-peaks_000778.png,0,mountain-peaks
295,mountains/mountains_000086.png,1,mountains
2086,mountain-peaks/mountain-peaks_000822.png,0,mountain-peaks
887,snow/snow_000439.png,2,snow
1134,snow/snow_000970.png,2,snow
1586,mountain-peaks/mountain-peaks_000355.png,0,mountain-peaks
1896,mountain-peaks/mountain-peaks_000183.png,0,mountain-peaks
1453,mountain-peaks/mountain-peaks_000790.png,0,mountain-peaks
501,mountains/mountains_000809.png,1,mountains
687,mountains/mountains_000750.png,1,mountains
949,snow/snow_000422.png,2,snow
893,snow/snow_000813.png,2,snow
970,snow/snow_000517.png,2,snow
952,snow/snow_000505.png,2,snow
1714,mountain-peaks/mountain-peaks_000559.png,0,mountain-peaks
551,mountains/mountains_000508.png,1,mountains
1025,snow/snow_000608.png,2,snow
1715,mountain-peaks/mountain-peaks_000100.png,0,mountain-peaks
1641,mountain-peaks/mountain-peaks_000529.png,0,mountain-peaks
1345,snow/snow_000124.png,2,snow
1294,snow/snow_000456.png,2,snow
1377,snow/snow_000824.png,2,snow
1324,snow/snow_000252.png,2,snow
23,mountains/mountains_000177.png,1,mountains
54,mountains/mountains_000467.png,1,mountains
1133,snow/snow_000544.png,2,snow
2037,mountain-peaks/mountain-peaks_000135.png,0,mountain-peaks
1745,mountain-peaks/mountain-peaks_000690.png,0,mountain-peaks
1254,snow/snow_000734.png,2,snow
630,mountains/mountains_000310.png,1,mountains
1854,mountain-peaks/mountain-peaks_000811.png,0,mountain-peaks
1169,snow/snow_000929.png,2,snow
1141,snow/snow_000771.png,2,snow
855,snow/snow_000698.png,2,snow
48,mountains/mountains_000788.png,1,mountains
1622,mountain-peaks/mountain-peaks_000904.png,0,mountain-peaks
1649,mountain-peaks/mountain-peaks_000680.png,0,mountain-peaks
1893,mountain-peaks/mountain-peaks_000028.png,0,mountain-peaks
1792,mountain-peaks/mountain-peaks_000514.png,0,mountain-peaks
1151,snow/snow_000903.png,2,snow
1922,mountain-peaks/mountain-peaks_000427.png,0,mountain-peaks
1099,snow/snow_000821.png,2,snow
497,mountains/mountains_000032.png,1,mountains
2001,mountain-peaks/mountain-peaks_000338.png,0,mountain-peaks
1635,mountain-peaks/mountain-peaks_000339.png,0,mountain-peaks
604,mountains/mountains_000471.png,1,mountains
1760,mountain-peaks/mountain-peaks_000321.png,0,mountain-peaks
67,mountains/mountains_000630.png,1,mountains
943,snow/snow_000002.png,2,snow
1431,mountain-peaks/mountain-peaks_000351.png,0,mountain-peaks
964,snow/snow_000751.png,2,snow
1489,mountain-peaks/mountain-peaks_000302.png,0,mountain-peaks
1153,snow/snow_000722.png,2,snow
144,mountains/mountains_000883.png,1,mountains
880,snow/snow_000814.png,2,snow
1751,mountain-peaks/mountain-peaks_000754.png,0,mountain-peaks
592,mountains/mountains_000590.png,1,mountains
1316,snow/snow_000898.png,2,snow
847,snow/snow_000951.png,2,snow
328,mountains/mountains_000292.png,1,mountains
1269,snow/snow_000733.png,2,snow
995,snow/snow_000796.png,2,snow
556,mountains/mountains_000929.png,1,mountains
1370,snow/snow_000272.png,2,snow
1065,snow/snow_000345.png,2,snow
312,mountains/mountains_000388.png,1,mountains
89,mountains/mountains_000303.png,1,mountains
478,mountains/mountains_000312.png,1,mountains
1409,mountain-peaks/mountain-peaks_000188.png,0,mountain-peaks
1907,mountain-peaks/mountain-peaks_000859.png,0,mountain-peaks
307,mountains/mountains_000542.png,1,mountains
313,mountains/mountains_000148.png,1,mountains
1908,mountain-peaks/mountain-peaks_000913.png,0,mountain-peaks
1910,mountain-peaks/mountain-peaks_000656.png,0,mountain-peaks
403,mountains/mountains_000927.png,1,mountains
80,mountains/mountains_000992.png,1,mountains
920,snow/snow_000918.png,2,snow
324,mountains/mountains_000511.png,1,mountains
1388,snow/snow_000549.png,2,snow
669,mountains/mountains_000587.png,1,mountains
1518,mountain-peaks/mountain-peaks_000046.png,0,mountain-peaks
42,mountains/mountains_000646.png,1,mountains
1387,snow/snow_000826.png,2,snow
482,mountains/mountains_000790.png,1,mountains
1839,mountain-peaks/mountain-peaks_000575.png,0,mountain-peaks
1688,mountain-peaks/mountain-peaks_000171.png,0,mountain-peaks
989,snow/snow_000967.png,2,snow
1304,snow/snow_000018.png,2,snow
535,mountains/mountains_000778.png,1,mountains
1328,snow/snow_000186.png,2,snow
607,mountains/mountains_000685.png,1,mountains
1248,snow/snow_000666.png,2,snow
1145,snow/snow_000356.png,2,snow
1072,snow/snow_000047.png,2,snow
761,snow/snow_000300.png,2,snow
939,snow/snow_000695.png,2,snow
1360,snow/snow_000231.png,2,snow
189,mountains/mountains_000061.png,1,mountains
1755,mountain-peaks/mountain-peaks_000272.png,0,mountain-peaks
318,mountains/mountains_000308.png,1,mountains
202,mountains/mountains_000772.png,1,mountains
1018,snow/snow_000685.png,2,snow
1539,mountain-peaks/mountain-peaks_000414.png,0,mountain-peaks
1201,snow/snow_000374.png,2,snow
1557,mountain-peaks/mountain-peaks_000225.png,0,mountain-peaks
121,mountains/mountains_000152.png,1,mountains
49,mountains/mountains_000248.png,1,mountains
997,snow/snow_000251.png,2,snow
1302,snow/snow_000781.png,2,snow
764,snow/snow_000058.png,2,snow
1189,snow/snow_000112.png,2,snow
566,mountains/mountains_000622.png,1,mountains
1073,snow/snow_000649.png,2,snow
1101,snow/snow_000462.png,2,snow
1731,mountain-peaks/mountain-peaks_000694.png,0,mountain-peaks
1543,mountain-peaks/mountain-peaks_000900.png,0,mountain-peaks
274,mountains/mountains_000174.png,1,mountains
79,mountains/mountains_000700.png,1,mountains
1568,mountain-peaks/mountain-peaks_000111.png,0,mountain-peaks
540,mountains/mountains_000132.png,1,mountains
1158,snow/snow_000861.png,2,snow
1405,mountain-peaks/mountain-peaks_000886.png,0,mountain-peaks
28,mountains/mountains_000343.png,1,mountains
1707,mountain-peaks/mountain-peaks_000867.png,0,mountain-peaks
1458,mountain-peaks/mountain-peaks_000282.png,0,mountain-peaks
462,mountains/mountains_000165.png,1,mountains
1920,mountain-peaks/mountain-peaks_000812.png,0,mountain-peaks
1610,mountain-peaks/mountain-peaks_000903.png,0,mountain-peaks
977,snow/snow_000673.png,2,snow
44,mountains/mountains_000569.png,1,mountains
1746,mountain-peaks/mountain-peaks_000175.png,0,mountain-peaks
511,mountains/mountains_000015.png,1,mountains
341,mountains/mountains_000692.png,1,mountains
1229,snow/snow_000958.png,2,snow
1624,mountain-peaks/mountain-peaks_000832.png,0,mountain-peaks
1728,mountain-peaks/mountain-peaks_000635.png,0,mountain-peaks
946,snow/snow_000537.png,2,snow
1406,mountain-peaks/mountain-peaks_000381.png,0,mountain-peaks
1063,snow/snow_000526.png,2,snow
988,snow/snow_000509.png,2,snow
1455,mountain-peaks/mountain-peaks_000969.png,0,mountain-peaks
384,mountains/mountains_000626.png,1,mountains
518,mountains/mountains_000344.png,1,mountains
870,snow/snow_000146.png,2,snow
1502,mountain-peaks/mountain-peaks_000460.png,0,mountain-peaks
1223,snow/snow_000854.png,2,snow
1509,mountain-peaks/mountain-peaks_000782.png,0,mountain-peaks
1335,snow/snow_000920.png,2,snow
655,mountains/mountains_000922.png,1,mountains
623,mountains/mountains_000487.png,1,mountains
1914,mountain-peaks/mountain-peaks_000878.png,0,mountain-peaks
1394,mountain-peaks/mountain-peaks_000939.png,0,mountain-peaks
1724,mountain-peaks/mountain-peaks_000873.png,0,mountain-peaks
1708,mountain-peaks/mountain-peaks_000734.png,0,mountain-peaks
1303,snow/snow_000289.png,2,snow
114,mountains/mountains_000380.png,1,mountains
818,snow/snow_000375.png,2,snow
555,mountains/mountains_000387.png,1,mountains
395,mountains/mountains_000743.png,1,mountains
1982,mountain-peaks/mountain-peaks_000676.png,0,mountain-peaks
409,mountains/mountains_000498.png,1,mountains
37,mountains/mountains_000954.png,1,mountains
1365,snow/snow_000753.png,2,snow
205,mountains/mountains_000289.png,1,mountains
628,mountains/mountains_000237.png,1,mountains
1909,mountain-peaks/mountain-peaks_000624.png,0,mountain-peaks
371,mountains/mountains_000979.png,1,mountains
658,mountains/mountains_000055.png,1,mountains
1445,mountain-peaks/mountain-peaks_000480.png,0,mountain-peaks
1060,snow/snow_000857.png,2,snow
1748,mountain-peaks/mountain-peaks_000953.png,0,mountain-peaks
1482,mountain-peaks/mountain-peaks_000499.png,0,mountain-peaks
220,mountains/mountains_000257.png,1,mountains
1472,mountain-peaks/mountain-peaks_000834.png,0,mountain-peaks
1777,mountain-peaks/mountain-peaks_000579.png,0,mountain-peaks
676,mountains/mountains_000349.png,1,mountains
1285,snow/snow_000949.png,2,snow
867,snow/snow_000558.png,2,snow
1561,mountain-peaks/mountain-peaks_000565.png,0,mountain-peaks
858,snow/snow_000846.png,2,snow
227,mountains/mountains_000813.png,1,mountains
1825,mountain-peaks/mountain-peaks_000852.png,0,mountain-peaks
978,snow/snow_000187.png,2,snow
844,snow/snow_000041.png,2,snow
442,mountains/mountains_000122.png,1,mountains
248,mountains/mountains_000905.png,1,mountains
1835,mountain-peaks/mountain-peaks_000598.png,0,mountain-peaks
270,mountains/mountains_000321.png,1,mountains
744,snow/snow_000953.png,2,snow
909,snow/snow_000664.png,2,snow
715,snow/snow_000432.png,2,snow
429,mountains/mountains_000686.png,1,mountains
160,mountains/mountains_000906.png,1,mountains
1723,mountain-peaks/mountain-peaks_000261.png,0,mountain-peaks
523,mountains/mountains_000326.png,1,mountains
1415,mountain-peaks/mountain-peaks_000308.png,0,mountain-peaks
781,snow/snow_000435.png,2,snow
1645,mountain-peaks/mountain-peaks_000608.png,0,mountain-peaks
381,mountains/mountains_000632.png,1,mountains
480,mountains/mountains_000582.png,1,mountains
1990,mountain-peaks/mountain-peaks_000809.png,0,mountain-peaks
143,mountains/mountains_000854.png,1,mountains
2021,mountain-peaks/mountain-peaks_000318.png,0,mountain-peaks
590,mountains/mountains_000427.png,1,mountains
1525,mountain-peaks/mountain-peaks_000125.png,0,mountain-peaks
1037,snow/snow_000204.png,2,snow
345,mountains/mountains_000234.png,1,mountains
385,mountains/mountains_000991.png,1,mountains
839,snow/snow_000763.png,2,snow
109,mountains/mountains_000403.png,1,mountains
1358,snow/snow_000574.png,2,snow
1466,mountain-peaks/mountain-peaks_000104.png,0,mountain-peaks
1428,mountain-peaks/mountain-peaks_000814.png,0,mountain-peaks
2076,mountain-peaks/mountain-peaks_000220.png,0,mountain-peaks
1050,snow/snow_000221.png,2,snow
1650,mountain-peaks/mountain-peaks_000779.png,0,mountain-peaks
537,mountains/mountains_000943.png,1,mountains
32,mountains/mountains_000550.png,1,mountains
1443,mountain-peaks/mountain-peaks_000042.png,0,mountain-peaks
186,mountains/mountains_000886.png,1,mountains
958,snow/snow_000989.png,2,snow
1627,mountain-peaks/mountain-peaks_000276.png,0,mountain-peaks
1426,mountain-peaks/mountain-peaks_000109.png,0,mountain-peaks
1286,snow/snow_000089.png,2,snow
685,mountains/mountains_000952.png,1,mountains
1258,snow/snow_000965.png,2,snow
1096,snow/snow_000476.png,2,snow
1555,mountain-peaks/mountain-peaks_000266.png,0,mountain-peaks
1671,mountain-peaks/mountain-peaks_000415.png,0,mountain-peaks
1665,mountain-peaks/mountain-peaks_000678.png,0,mountain-peaks
1519,mountain-peaks/mountain-peaks_000023.png,0,mountain-peaks
1059,snow/snow_000683.png,2,snow
485,mountains/mountains_000981.png,1,mountains
1781,mountain-peaks/mountain-peaks_000116.png,0,mountain-peaks
721,snow/snow_000045.png,2,snow
1514,mountain-peaks/mountain-peaks_000396.png,0,mountain-peaks
584,mountains/mountains_000825.png,1,mountains
1737,mountain-peaks/mountain-peaks_000247.png,0,mountain-peaks
517,mountains/mountains_000955.png,1,mountains
709,snow/snow_000721.png,2,snow
2062,mountain-peaks/mountain-peaks_000848.png,0,mountain-peaks
564,mountains/mountains_000085.png,1,mountains
605,mountains/mountains_000656.png,1,mountains
1833,mountain-peaks/mountain-peaks_000084.png,0,mountain-peaks
548,mountains/mountains_000615.png,1,mountains
383,mountains/mountains_000816.png,1,mountains
1887,mountain-peaks/mountain-peaks_000037.png,0,mountain-peaks
1123,snow/snow_000570.png,2,snow
1450,mountain-peaks/mountain-peaks_000653.png,0,mountain-peaks
1744,mountain-peaks/mountain-peaks_000447.png,0,mountain-peaks
505,mountains/mountains_000194.png,1,mountains
1960,mountain-peaks/mountain-peaks_000646.png,0,mountain-peaks
437,mountains/mountains_000054.png,1,mountains
352,mountains/mountains_000811.png,1,mountains
682,mountains/mountains_000890.png,1,mountains
1999,mountain-peaks/mountain-peaks_000034.png,0,mountain-peaks
530,mountains/mountains_000603.png,1,mountains
1427,mountain-peaks/mountain-peaks_000898.png,0,mountain-peaks
786,snow/snow_000094.png,2,snow
364,mountains/mountains_000526.png,1,mountains
740,snow/snow_000032.png,2,snow
580,mountains/mountains_000860.png,1,mountains
193,mountains/mountains_000744.png,1,mountains
1933,mountain-peaks/mountain-peaks_000504.png,0,mountain-peaks
86,mountains/mountains_000050.png,1,mountains
1963,mountain-peaks/mountain-peaks_000524.png,0,mountain-peaks
902,snow/snow_000646.png,2,snow
856,snow/snow_000772.png,2,snow
1540,mountain-peaks/mountain-peaks_000083.png,0,mountain-peaks
507,mountains/mountains_000323.png,1,mountains
257,mountains/mountains_000897.png,1,mountains
447,mountains/mountains_000097.png,1,mountains
1626,mountain-peaks/mountain-peaks_000001.png,0,mountain-peaks
1053,snow/snow_000561.png,2,snow
1563,mountain-peaks/mountain-peaks_000749.png,0,mountain-peaks
1789,mountain-peaks/mountain-peaks_000363.png,0,mountain-peaks
1447,mountain-peaks/mountain-peaks_000062.png,0,mountain-peaks
36,mountains/mountains_000374.png,1,mountains
621,mountains/mountains_000297.png,1,mountains
1338,snow/snow_000322.png,2,snow
356,mountains/mountains_000346.png,1,mountains
1235,snow/snow_000315.png,2,snow
320,mountains/mountains_000191.png,1,mountains
1038,snow/snow_000785.png,2,snow
1180,snow/snow_000712.png,2,snow
432,mountains/mountains_000408.png,1,mountains
1005,snow/snow_000875.png,2,snow
570,mountains/mountains_000373.png,1,mountains
1977,mountain-peaks/mountain-peaks_000234.png,0,mountain-peaks
2023,mountain-peaks/mountain-peaks_000739.png,0,mountain-peaks
389,mountains/mountains_000029.png,1,mountains
2035,mountain-peaks/mountain-peaks_000930.png,0,mountain-peaks
1804,mountain-peaks/mountain-peaks_000909.png,0,mountain-peaks
516,mountains/mountains_000760.png,1,mountains
1175,snow/snow_000602.png,2,snow
1330,snow/snow_000428.png,2,snow
1919,mountain-peaks/mountain-peaks_000511.png,0,mountain-peaks
1535,mountain-peaks/mountain-peaks_000451.png,0,mountain-peaks
1847,mountain-peaks/mountain-peaks_000030.png,0,mountain-peaks
1352,snow/snow_000029.png,2,snow
93,mountains/mountains_000190.png,1,mountains
38,mountains/mountains_000102.png,1,mountains
1874,mountain-peaks/mountain-peaks_000227.png,0,mountain-peaks
1899,mountain-peaks/mountain-peaks_000498.png,0,mountain-peaks
1815,mountain-peaks/mountain-peaks_000245.png,0,mountain-peaks
1312,snow/snow_000884.png,2,snow
1014,snow/snow_000003.png,2,snow
1485,mountain-peaks/mountain-peaks_000737.png,0,mountain-peaks
697,snow/snow_000170.png,2,snow
448,mountains/mountains_000509.png,1,mountains
1400,mountain-peaks/mountain-peaks_000105.png,0,mountain-peaks
1795,mountain-peaks/mountain-peaks_000772.png,0,mountain-peaks
1571,mountain-peaks/mountain-peaks_000885.png,0,mountain-peaks
824,snow/snow_000672.png,2,snow
1209,snow/snow_000902.png,2,snow
1242,snow/snow_000394.png,2,snow
562,mountains/mountains_000605.png,1,mountains
1467,mountain-peaks/mountain-peaks_000459.png,0,mountain-peaks
1124,snow/snow_000406.png,2,snow
1679,mountain-peaks/mountain-peaks_000759.png,0,mountain-peaks
394,mountains/mountains_000422.png,1,mountains
1156,snow/snow_000042.png,2,snow
903,snow/snow_000682.png,2,snow
657,mountains/mountains_000540.png,1,mountains
2061,mountain-peaks/mountain-peaks_000094.png,0,mountain-peaks
1549,mountain-peaks/mountain-peaks_000729.png,0,mountain-peaks
1487,mountain-peaks/mountain-peaks_000332.png,0,mountain-peaks
1315,snow/snow_000452.png,2,snow
703,snow/snow_000115.png,2,snow
363,mountains/mountains_000697.png,1,mountains
1562,mountain-peaks/mountain-peaks_000985.png,0,mountain-peaks
206,mountains/mountains_000478.png,1,mountains
1049,snow/snow_000138.png,2,snow
734,snow/snow_000713.png,2,snow
1289,snow/snow_000484.png,2,snow
1471,mountain-peaks/mountain-peaks_000449.png,0,mountain-peaks
1361,snow/snow_000067.png,2,snow
1772,mountain-peaks/mountain-peaks_000280.png,0,mountain-peaks
1648,mountain-peaks/mountain-peaks_000348.png,0,mountain-peaks
636,mountains/mountains_000819.png,1,mountains
509,mountains/mountains_000465.png,1,mountains
2092,mountain-peaks/mountain-peaks_000843.png,0,mountain-peaks
1469,mountain-peaks/mountain-peaks_000706.png,0,mountain-peaks
2033,mountain-peaks/mountain-peaks_000150.png,0,mountain-peaks
1404,mountain-peaks/mountain-peaks_000258.png,0,mountain-peaks
1107,snow/snow_000575.png,2,snow
1576,mountain-peaks/mountain-peaks_000327.png,0,mountain-peaks
1276,snow/snow_000425.png,2,snow
331,mountains/mountains_000042.png,1,mountains
83,mountains/mountains_000894.png,1,mountains
975,snow/snow_000819.png,2,snow
1787,mountain-peaks/mountain-peaks_000517.png,0,mountain-peaks
1438,mountain-peaks/mountain-peaks_000382.png,0,mountain-peaks
254,mountains/mountains_000864.png,1,mountains
1353,snow/snow_000369.png,2,snow
680,mountains/mountains_000441.png,1,mountains
244,mountains/mountains_000390.png,1,mountains
1150,snow/snow_000157.png,2,snow
2072,mountain-peaks/mountain-peaks_000651.png,0,mountain-peaks
1056,snow/snow_000756.png,2,snow
1376,snow/snow_000070.png,2,snow
0,mountains/mountains_000545.png,1,mountains
1339,snow/snow_000303.png,2,snow
1003,snow/snow_000093.png,2,snow
1282,snow/snow_000823.png,2,snow
854,snow/snow_000594.png,2,snow
1786,mountain-peaks/mountain-peaks_000957.png,0,mountain-peaks
1868,mountain-peaks/mountain-peaks_000007.png,0,mountain-peaks
1998,mountain-peaks/mountain-peaks_000670.png,0,mountain-peaks
1149,snow/snow_000658.png,2,snow
99,mountains/mountains_000462.png,1,mountains
1558,mountain-peaks/mountain-peaks_000250.png,0,mountain-peaks
1172,snow/snow_000056.png,2,snow
2063,mountain-peaks/mountain-peaks_000977.png,0,mountain-peaks
819,snow/snow_000390.png,2,snow
1114,snow/snow_000024.png,2,snow
888,snow/snow_000933.png,2,snow
423,mountains/mountains_000220.png,1,mountains
1198,snow/snow_000812.png,2,snow
499,mountains/mountains_000644.png,1,mountains
1877,mountain-peaks/mountain-peaks_000564.png,0,mountain-peaks
1128,snow/snow_000705.png,2,snow
1956,mountain-peaks/mountain-peaks_000340.png,0,mountain-peaks
1774,mountain-peaks/mountain-peaks_000728.png,0,mountain-peaks
960,snow/snow_000731.png,2,snow
1092,snow/snow_000410.png,2,snow
1550,mountain-peaks/mountain-peaks_000831.png,0,mountain-peaks
1721,mountain-peaks/mountain-peaks_000602.png,0,mountain-peaks
479,mountains/mountains_000765.png,1,mountains
602,mountains/mountains_000482.png,1,mountains
512,mountains/mountains_000567.png,1,mountains
840,snow/snow_000392.png,2,snow
1636,mountain-peaks/mountain-peaks_000561.png,0,mountain-peaks
1738,mountain-peaks/mountain-peaks_000192.png,0,mountain-peaks
1341,snow/snow_000852.png,2,snow
61,mountains/mountains_000183.png,1,mountains
751,snow/snow_000719.png,2,snow
20,mountains/mountains_000475.png,1,mountains
712,snow/snow_000429.png,2,snow
829,snow/snow_000466.png,2,snow
2073,mountain-peaks/mountain-peaks_000142.png,0,mountain-peaks
1926,mountain-peaks/mountain-peaks_000437.png,0,mountain-peaks
1834,mountain-peaks/mountain-peaks_000290.png,0,mountain-peaks
433,mountains/mountains_000304.png,1,mountains
222,mountains/mountains_000043.png,1,mountains
1843,mountain-peaks/mountain-peaks_000422.png,0,mountain-peaks
831,snow/snow_000767.png,2,snow
1215,snow/snow_000552.png,2,snow
1541,mountain-peaks/mountain-peaks_000213.png,0,mountain-peaks
2071,mountain-peaks/mountain-peaks_000402.png,0,mountain-peaks
53,mountains/mountains_000536.png,1,mountains
1127,snow/snow_000133.png,2,snow
717,snow/snow_000943.png,2,snow
1860,mountain-peaks/mountain-peaks_000343.png,0,mountain-peaks
1531,mountain-peaks/mountain-peaks_000946.png,0,mountain-peaks
1705,mountain-peaks/mountain-peaks_000286.png,0,mountain-peaks
640,mountains/mountains_000835.png,1,mountains
1621,mountain-peaks/mountain-peaks_000738.png,0,mountain-peaks
267,mountains/mountains_000052.png,1,mountains
908,snow/snow_000442.png,2,snow
642,mountains/mountains_000154.png,1,mountains
1325,snow/snow_000202.png,2,snow
1975,mountain-peaks/mountain-peaks_000176.png,0,mountain-peaks
1323,snow/snow_000992.png,2,snow
1949,mountain-peaks/mountain-peaks_000747.png,0,mountain-peaks
1174,snow/snow_000534.png,2,snow
1548,mountain-peaks/mountain-peaks_000649.png,0,mountain-peaks
808,snow/snow_000791.png,2,snow
14,mountains/mountains_000156.png,1,mountains
1718,mountain-peaks/mountain-peaks_000544.png,0,mountain-peaks
1271,snow/snow_000005.png,2,snow
1491,mountain-peaks/mountain-peaks_000205.png,0,mountain-peaks
1991,mountain-peaks/mountain-peaks_000349.png,0,mountain-peaks
929,snow/snow_000956.png,2,snow
922,snow/snow_000302.png,2,snow
830,snow/snow_000158.png,2,snow
936,snow/snow_000269.png,2,snow
1061,snow/snow_000801.png,2,snow
453,mountains/mountains_000633.png,1,mountains
1222,snow/snow_000569.png,2,snow
971,snow/snow_000250.png,2,snow
291,mountains/mountains_000035.png,1,mountains
1424,mountain-peaks/mountain-peaks_000027.png,0,mountain-peaks
1389,snow/snow_000178.png,2,snow
1040,snow/snow_000007.png,2,snow
162,mountains/mountains_000639.png,1,mountains
1247,snow/snow_000548.png,2,snow
1831,mountain-peaks/mountain-peaks_000299.png,0,mountain-peaks
912,snow/snow_000087.png,2,snow
923,snow/snow_000567.png,2,snow
234,mountains/mountains_000767.png,1,mountains
775,snow/snow_000203.png,2,snow
166,mountains/mountains_000392.png,1,mountains
27,mountains/mountains_000853.png,1,mountains
472,mountains/mountains_000946.png,1,mountains
874,snow/snow_000616.png,2,snow
2079,mountain-peaks/mountain-peaks_000640.png,0,mountain-peaks
4,mountains/mountains_000806.png,1,mountains
1808,mountain-peaks/mountain-peaks_000137.png,0,mountain-peaks
1366,snow/snow_000845.png,2,snow
1988,mountain-peaks/mountain-peaks_000508.png,0,mountain-peaks
637,mountains/mountains_000514.png,1,mountains
1917,mountain-peaks/mountain-peaks_000526.png,0,mountain-peaks
1559,mountain-peaks/mountain-peaks_000443.png,0,mountain-peaks
990,snow/snow_000256.png,2,snow
1046,snow/snow_000185.png,2,snow
1796,mountain-peaks/mountain-peaks_000497.png,0,mountain-peaks
405,mountains/mountains_000802.png,1,mountains
1115,snow/snow_000263.png,2,snow
843,snow/snow_000501.png,2,snow
1581,mountain-peaks/mountain-peaks_000283.png,0,mountain-peaks
620,mountains/mountains_000198.png,1,mountains
885,snow/snow_000738.png,2,snow
1401,mountain-peaks/mountain-peaks_000128.png,0,mountain-peaks
477,mountains/mountains_000748.png,1,mountains
1710,mountain-peaks/mountain-peaks_000074.png,0,mountain-peaks
1135,snow/snow_000635.png,2,snow
198,mountains/mountains_000128.png,1,mountains
1711,mountain-peaks/mountain-peaks_000181.png,0,mountain-peaks
1897,mountain-peaks/mountain-peaks_000596.png,0,mountain-peaks
1378,snow/snow_000077.png,2,snow
539,mountains/mountains_000265.png,1,mountains
1647,mountain-peaks/mountain-peaks_000684.png,0,mountain-peaks
1162,snow/snow_000450.png,2,snow
672,mountains/mountains_000795.png,1,mountains
1117,snow/snow_000899.png,2,snow
2084,mountain-peaks/mountain-peaks_000041.png,0,mountain-peaks
200,mountains/mountains_000266.png,1,mountains
707,snow/snow_000132.png,2,snow
1604,mountain-peaks/mountain-peaks_000611.png,0,mountain-peaks
1995,mountain-peaks/mountain-peaks_000807.png,0,mountain-peaks
464,mountains/mountains_000966.png,1,mountains
359,mountains/mountains_000544.png,1,mountains
568,mountains/mountains_000887.png,1,mountains
798,snow/snow_000063.png,2,snow
2041,mountain-peaks/mountain-peaks_000674.png,0,mountain-peaks
346,mountains/mountains_000121.png,1,mountains
834,snow/snow_000469.png,2,snow
711,snow/snow_000363.png,2,snow
1022,snow/snow_000261.png,2,snow
639,mountains/mountains_000578.png,1,mountains
124,mountains/mountains_000348.png,1,mountains
1356,snow/snow_000974.png,2,snow
1464,mountain-peaks/mountain-peaks_000501.png,0,mountain-peaks
928,snow/snow_000603.png,2,snow
3,mountains/mountains_000934.png,1,mountains
1148,snow/snow_000848.png,2,snow
1779,mountain-peaks/mountain-peaks_000478.png,0,mountain-peaks
2085,mountain-peaks/mountain-peaks_000209.png,0,mountain-peaks
215,mountains/mountains_000855.png,1,mountains
1577,mountain-peaks/mountain-peaks_000269.png,0,mountain-peaks
1188,snow/snow_000418.png,2,snow
275,mountains/mountains_000720.png,1,mountains
1536,mountain-peaks/mountain-peaks_000948.png,0,mountain-peaks
1296,snow/snow_000847.png,2,snow
1208,snow/snow_000152.png,2,snow
1231,snow/snow_000964.png,2,snow
1695,mountain-peaks/mountain-peaks_000387.png,0,mountain-peaks
1448,mountain-peaks/mountain-peaks_000434.png,0,mountain-peaks
420,mountains/mountains_000711.png,1,mountains
1898,mountain-peaks/mountain-peaks_000212.png,0,mountain-peaks
327,mountains/mountains_000796.png,1,mountains
1983,mountain-peaks/mountain-peaks_000446.png,0,mountain-peaks
1363,snow/snow_000704.png,2,snow
1587,mountain-peaks/mountain-peaks_000442.png,0,mountain-peaks
599,mountains/mountains_000201.png,1,mountains
1349,snow/snow_000637.png,2,snow
495,mountains/mountains_000665.png,1,mountains
1948,mountain-peaks/mountain-peaks_000243.png,0,mountain-peaks
675,mountains/mountains_000650.png,1,mountains
12,mountains/mountains_000939.png,1,mountains
455,mountains/mountains_000757.png,1,mountains
2017,mountain-peaks/mountain-peaks_000081.png,0,mountain-peaks
159,mountains/mountains_000884.png,1,mountains
2067,mountain-peaks/mountain-peaks_000979.png,0,mountain-peaks
1591,mountain-peaks/mountain-peaks_000687.png,0,mountain-peaks
603,mountains/mountains_000562.png,1,mountains
1490,mountain-peaks/mountain-peaks_000667.png,0,mountain-peaks
1921,mountain-peaks/mountain-peaks_000512.png,0,mountain-peaks
1161,snow/snow_000868.png,2,snow
238,mountains/mountains_000290.png,1,mountains
388,mountains/mountains_000916.png,1,mountains
1616,mountain-peaks/mountain-peaks_000557.png,0,mountain-peaks
217,mountains/mountains_000419.png,1,mountains
1743,mountain-peaks/mountain-peaks_000586.png,0,mountain-peaks
7,mountains/mountains_000548.png,1,mountains
1459,mountain-peaks/mountain-peaks_000617.png,0,mountain-peaks
693,mountains/mountains_000267.png,1,mountains
586,mountains/mountains_000990.png,1,mountains
696,snow/snow_000740.png,2,snow
1091,snow/snow_000939.png,2,snow
1609,mountain-peaks/mountain-peaks_000805.png,0,mountain-peaks
1244,snow/snow_000579.png,2,snow
747,snow/snow_000161.png,2,snow
1494,mountain-peaks/mountain-peaks_000408.png,0,mountain-peaks
1006,snow/snow_000243.png,2,snow
1658,mountain-peaks/mountain-peaks_000994.png,0,mountain-peaks
1277,snow/snow_000366.png,2,snow
9,mountains/mountains_000699.png,1,mountains
1147,snow/snow_000147.png,2,snow
1706,mountain-peaks/mountain-peaks_000301.png,0,mountain-peaks
792,snow/snow_000090.png,2,snow
1031,snow/snow_000701.png,2,snow
317,mountains/mountains_000648.png,1,mountains
1615,mountain-peaks/mountain-peaks_000912.png,0,mountain-peaks
1183,snow/snow_000556.png,2,snow
1840,mountain-peaks/mountain-peaks_000248.png,0,mountain-peaks
348,mountains/mountains_000721.png,1,mountains
1885,mountain-peaks/mountain-peaks_000141.png,0,mountain-peaks
46,mountains/mountains_000749.png,1,mountains
629,mountains/mountains_000083.png,1,mountains
399,mountains/mountains_000025.png,1,mountains
596,mountains/mountains_000285.png,1,mountains
2002,mountain-peaks/mountain-peaks_000397.png,0,mountain-peaks
1142,snow/snow_000784.png,2,snow
2013,mountain-peaks/mountain-peaks_000757.png,0,mountain-peaks
1596,mountain-peaks/mountain-peaks_000659.png,0,mountain-peaks
263,mountains/mountains_000963.png,1,mountains
2040,mountain-peaks/mountain-peaks_000347.png,0,mountain-peaks
1765,mountain-peaks/mountain-peaks_000712.png,0,mountain-peaks
1683,mountain-peaks/mountain-peaks_000154.png,0,mountain-peaks
490,mountains/mountains_000847.png,1,mountains
128,mountains/mountains_000393.png,1,mountains
17,mountains/mountains_000682.png,1,mountains
1878,mountain-peaks/mountain-peaks_000699.png,0,mountain-peaks
1961,mountain-peaks/mountain-peaks_000383.png,0,mountain-peaks
1684,mountain-peaks/mountain-peaks_000662.png,0,mountain-peaks
776,snow/snow_000900.png,2,snow
1015,snow/snow_000776.png,2,snow
1179,snow/snow_000113.png,2,snow
1007,snow/snow_000370.png,2,snow
459,mountains/mountains_000199.png,1,mountains
424,mountains/mountains_000985.png,1,mountains
454,mountains/mountains_000805.png,1,mountains
544,mountains/mountains_000484.png,1,mountains
1923,mountain-peaks/mountain-peaks_000955.png,0,mountain-peaks
310,mountains/mountains_000251.png,1,mountains
247,mountains/mountains_000529.png,1,mountains
1942,mountain-peaks/mountain-peaks_000217.png,0,mountain-peaks
1915,mountain-peaks/mountain-peaks_000533.png,0,mountain-peaks
955,snow/snow_000234.png,2,snow
699,snow/snow_000809.png,2,snow
1794,mountain-peaks/mountain-peaks_000908.png,0,mountain-peaks
2060,mountain-peaks/mountain-peaks_000119.png,0,mountain-peaks
335,mountains/mountains_000568.png,1,mountains
737,snow/snow_000031.png,2,snow
801,snow/snow_000623.png,2,snow
872,snow/snow_000163.png,2,snow
1407,mountain-peaks/mountain-peaks_000693.png,0,mountain-peaks
686,mountains/mountains_000924.png,1,mountains
1690,mountain-peaks/mountain-peaks_000567.png,0,mountain-peaks
1700,mountain-peaks/mountain-peaks_000025.png,0,mountain-peaks
883,snow/snow_000447.png,2,snow
2046,mountain-peaks/mountain-peaks_000453.png,0,mountain-peaks
559,mountains/mountains_000040.png,1,mountains
1551,mountain-peaks/mountain-peaks_000871.png,0,mountain-peaks
1263,snow/snow_000358.png,2,snow
1985,mountain-peaks/mountain-peaks_000306.png,0,mountain-peaks
1185,snow/snow_000678.png,2,snow
1522,mountain-peaks/mountain-peaks_000431.png,0,mountain-peaks
237,mountains/mountains_000971.png,1,mountains
164,mountains/mountains_000664.png,1,mountains
1499,mountain-peaks/mountain-peaks_000963.png,0,mountain-peaks
181,mountains/mountains_000662.png,1,mountains
980,snow/snow_000679.png,2,snow
259,mountains/mountains_000593.png,1,mountains
730,snow/snow_000887.png,2,snow
1599,mountain-peaks/mountain-peaks_000545.png,0,mountain-peaks
644,mountains/mountains_000634.png,1,mountains
187,mountains/mountains_000831.png,1,mountains
245,mountains/mountains_000173.png,1,mountains
1617,mountain-peaks/mountain-peaks_000440.png,0,mountain-peaks
1807,mountain-peaks/mountain-peaks_000264.png,0,mountain-peaks
794,snow/snow_000127.png,2,snow
431,mountains/mountains_000023.png,1,mountains
440,mountains/mountains_000989.png,1,mountains
260,mountains/mountains_000162.png,1,mountains
1068,snow/snow_000634.png,2,snow
1321,snow/snow_000878.png,2,snow
595,mountains/mountains_000207.png,1,mountains
770,snow/snow_000276.png,2,snow
838,snow/snow_000606.png,2,snow
1076,snow/snow_000928.png,2,snow
421,mountains/mountains_000161.png,1,mountains
214,mountains/mountains_000205.png,1,mountains
262,mountains/mountains_000607.png,1,mountains
809,snow/snow_000299.png,2,snow
460,mountains/mountains_000618.png,1,mountains
2,mountains/mountains_000483.png,1,mountains
194,mountains/mountains_000385.png,1,mountains
1311,snow/snow_000654.png,2,snow
290,mountains/mountains_000182.png,1,mountains
1036,snow/snow_000135.png,2,snow
1112,snow/snow_000459.png,2,snow
1689,mountain-peaks/mountain-peaks_000710.png,0,mountain-peaks
779,snow/snow_000209.png,2,snow
864,snow/snow_000541.png,2,snow
857,snow/snow_000872.png,2,snow
316,mountains/mountains_000932.png,1,mountains
1603,mountain-peaks/mountain-peaks_000647.png,0,mountain-peaks
1233,snow/snow_000214.png,2,snow
780,snow/snow_000892.png,2,snow
1203,snow/snow_000611.png,2,snow
1773,mountain-peaks/mountain-peaks_000558.png,0,mountain-peaks
769,snow/snow_000382.png,2,snow
2044,mountain-peaks/mountain-peaks_000010.png,0,mountain-peaks
1440,mountain-peaks/mountain-peaks_000641.png,0,mountain-peaks
1252,snow/snow_000364.png,2,snow
714,snow/snow_000121.png,2,snow
1965,mountain-peaks/mountain-peaks_000361.png,0,mountain-peaks
545,mountains/mountains_000352.png,1,mountains
2068,mountain-peaks/mountain-peaks_000703.png,0,mountain-peaks
1362,snow/snow_000888.png,2,snow
1505,mountain-peaks/mountain-peaks_000333.png,0,mountain-peaks
804,snow/snow_000910.png,2,snow
981,snow/snow_000998.png,2,snow
790,snow/snow_000426.png,2,snow
785,snow/snow_000189.png,2,snow
691,mountains/mountains_000412.png,1,mountains
1266,snow/snow_000546.png,2,snow
906,snow/snow_000130.png,2,snow
969,snow/snow_000385.png,2,snow
134,mountains/mountains_000899.png,1,mountains
1857,mountain-peaks/mountain-peaks_000317.png,0,mountain-peaks
759,snow/snow_000207.png,2,snow
842,snow/snow_000882.png,2,snow
579,mountains/mountains_000791.png,1,mountains
1704,mountain-peaks/mountain-peaks_000748.png,0,mountain-peaks
435,mountains/mountains_000110.png,1,mountains
106,mountains/mountains_000437.png,1,mountains
285,mountains/mountains_000962.png,1,mountains
178,mountains/mountains_000828.png,1,mountains
349,mountains/mountains_000123.png,1,mountains
1824,mountain-peaks/mountain-peaks_000452.png,0,mountain-peaks
1131,snow/snow_000916.png,2,snow
1534,mountain-peaks/mountain-peaks_000329.png,0,mountain-peaks
204,mountains/mountains_000125.png,1,mountains
1930,mountain-peaks/mountain-peaks_000279.png,0,mountain-peaks
1866,mountain-peaks/mountain-peaks_000044.png,0,mountain-peaks
1417,mountain-peaks/mountain-peaks_000527.png,0,mountain-peaks
1210,snow/snow_000062.png,2,snow
1521,mountain-peaks/mountain-peaks_000096.png,0,mountain-peaks
828,snow/snow_000405.png,2,snow
1686,mountain-peaks/mountain-peaks_000166.png,0,mountain-peaks
684,mountains/mountains_000461.png,1,mountains
777,snow/snow_000578.png,2,snow
465,mountains/mountains_000021.png,1,mountains
1578,mountain-peaks/mountain-peaks_000970.png,0,mountain-peaks
199,mountains/mountains_000430.png,1,mountains
470,mountains/mountains_000501.png,1,mountains
898,snow/snow_000554.png,2,snow
1332,snow/snow_000086.png,2,snow
835,snow/snow_000914.png,2,snow
1545,mountain-peaks/mountain-peaks_000483.png,0,mountain-peaks
1042,snow/snow_000533.png,2,snow
139,mountains/mountains_000919.png,1,mountains
915,snow/snow_000013.png,2,snow
811,snow/snow_000496.png,2,snow
1583,mountain-peaks/mountain-peaks_000726.png,0,mountain-peaks
692,mountains/mountains_000160.png,1,mountains
800,snow/snow_000099.png,2,snow
1421,mountain-peaks/mountain-peaks_000899.png,0,mountain-peaks
2090,mountain-peaks/mountain-peaks_000988.png,0,mountain-peaks
973,snow/snow_000926.png,2,snow
96,mountains/mountains_000216.png,1,mountains
1292,snow/snow_000408.png,2,snow
1165,snow/snow_000282.png,2,snow
1597,mountain-peaks/mountain-peaks_000958.png,0,mountain-peaks
303,mountains/mountains_000843.png,1,mountains
1951,mountain-peaks/mountain-peaks_000138.png,0,mountain-peaks
1895,mountain-peaks/mountain-peaks_000817.png,0,mountain-peaks
483,mountains/mountains_000088.png,1,mountains
1928,mountain-peaks/mountain-peaks_000978.png,0,mountain-peaks
1420,mountain-peaks/mountain-peaks_000585.png,0,mountain-peaks
1523,mountain-peaks/mountain-peaks_000837.png,0,mountain-peaks
1463,mountain-peaks/mountain-peaks_000353.png,0,mountain-peaks
1020,snow/snow_000688.png,2,snow
155,mountains/mountains_000058.png,1,mountains
1319,snow/snow_000523.png,2,snow
375,mountains/mountains_000878.png,1,mountains
1224,snow/snow_000940.png,2,snow
899,snow/snow_000431.png,2,snow
552,mountains/mountains_000120.png,1,mountains
169,mountains/mountains_000598.png,1,mountains
1816,mountain-peaks/mountain-peaks_000481.png,0,mountain-peaks
1088,snow/snow_000566.png,2,snow
81,mountains/mountains_000769.png,1,mountains
13,mountains/mountains_000447.png,1,mountains
406,mountains/mountains_000111.png,1,mountains
891,snow/snow_000194.png,2,snow
765,snow/snow_000078.png,2,snow
1993,mountain-peaks/mountain-peaks_000029.png,0,mountain-peaks
713,snow/snow_000790.png,2,snow
1212,snow/snow_000735.png,2,snow
246,mountains/mountains_000738.png,1,mountains
1177,snow/snow_000923.png,2,snow
723,snow/snow_000911.png,2,snow
983,snow/snow_000023.png,2,snow
688,mountains/mountains_000923.png,1,mountains
1357,snow/snow_000014.png,2,snow
292,mountains/mountains_000942.png,1,mountains
122,mountains/mountains_000175.png,1,mountains
731,snow/snow_000492.png,2,snow
422,mountains/mountains_000018.png,1,mountains
1979,mountain-peaks/mountain-peaks_000707.png,0,mountain-peaks
1602,mountain-peaks/mountain-peaks_000129.png,0,mountain-peaks
1725,mountain-peaks/mountain-peaks_000465.png,0,mountain-peaks
145,mountains/mountains_000140.png,1,mountains
2055,mountain-peaks/mountain-peaks_000058.png,0,mountain-peaks
1927,mountain-peaks/mountain-peaks_000725.png,0,mountain-peaks
1670,mountain-peaks/mountain-peaks_000671.png,0,mountain-peaks
823,snow/snow_000226.png,2,snow
1980,mountain-peaks/mountain-peaks_000180.png,0,mountain-peaks
1220,snow/snow_000874.png,2,snow
1574,mountain-peaks/mountain-peaks_000461.png,0,mountain-peaks
1087,snow/snow_000131.png,2,snow
1675,mountain-peaks/mountain-peaks_000577.png,0,mountain-peaks
2003,mountain-peaks/mountain-peaks_000469.png,0,mountain-peaks
1331,snow/snow_000349.png,2,snow
1460,mountain-peaks/mountain-peaks_000516.png,0,mountain-peaks
467,mountains/mountains_000651.png,1,mountains
2038,mountain-peaks/mountain-peaks_000354.png,0,mountain-peaks
1823,mountain-peaks/mountain-peaks_000613.png,0,mountain-peaks
814,snow/snow_000568.png,2,snow
1846,mountain-peaks/mountain-peaks_000122.png,0,mountain-peaks
615,mountains/mountains_000660.png,1,mountains
19,mountains/mountains_000178.png,1,mountains
1717,mountain-peaks/mountain-peaks_000652.png,0,mountain-peaks
125,mountains/mountains_000518.png,1,mountains
332,mountains/mountains_000793.png,1,mountains
1911,mountain-peaks/mountain-peaks_000600.png,0,mountain-peaks
376,mountains/mountains_000908.png,1,mountains
161,mountains/mountains_000276.png,1,mountains
103,mountains/mountains_000604.png,1,mountains
1894,mountain-peaks/mountain-peaks_000732.png,0,mountain-peaks
944,snow/snow_000080.png,2,snow
754,snow/snow_000145.png,2,snow
791,snow/snow_000512.png,2,snow
1511,mountain-peaks/mountain-peaks_000147.png,0,mountain-peaks
386,mountains/mountains_000510.png,1,mountains
766,snow/snow_000249.png,2,snow
1832,mountain-peaks/mountain-peaks_000077.png,0,mountain-peaks
322,mountains/mountains_000176.png,1,mountains
600,mountains/mountains_000433.png,1,mountains
281,mountains/mountains_000365.png,1,mountains
430,mountains/mountains_000722.png,1,mountains
119,mountains/mountains_000520.png,1,mountains
611,mountains/mountains_000410.png,1,mountains
1734,mountain-peaks/mountain-peaks_000477.png,0,mountain-peaks
1663,mountain-peaks/mountain-peaks_000982.png,0,mountain-peaks
2083,mountain-peaks/mountain-peaks_000075.png,0,mountain-peaks
826,snow/snow_000246.png,2,snow
1932,mountain-peaks/mountain-peaks_000487.png,0,mountain-peaks
2030,mountain-peaks/mountain-peaks_000786.png,0,mountain-peaks
1067,snow/snow_000142.png,2,snow
57,mountains/mountains_000245.png,1,mountains
931,snow/snow_000589.png,2,snow
471,mountains/mountains_000455.png,1,mountains
961,snow/snow_000258.png,2,snow
2036,mountain-peaks/mountain-peaks_000456.png,0,mountain-peaks
1757,mountain-peaks/mountain-peaks_000215.png,0,mountain-peaks
681,mountains/mountains_000679.png,1,mountains
1403,mountain-peaks/mountain-peaks_000297.png,0,mountain-peaks
473,mountains/mountains_000688.png,1,mountains
896,snow/snow_000832.png,2,snow
890,snow/snow_000179.png,2,snow
2024,mountain-peaks/mountain-peaks_000781.png,0,mountain-peaks
585,mountains/mountains_000741.png,1,mountains
314,mountains/mountains_000592.png,1,mountains
1313,snow/snow_000305.png,2,snow
850,snow/snow_000489.png,2,snow
571,mountains/mountains_000168.png,1,mountains
1241,snow/snow_000116.png,2,snow
1564,mountain-peaks/mountain-peaks_000211.png,0,mountain-peaks
1970,mountain-peaks/mountain-peaks_000495.png,0,mountain-peaks
1187,snow/snow_000486.png,2,snow
758,snow/snow_000443.png,2,snow
1659,mountain-peaks/mountain-peaks_000830.png,0,mountain-peaks
2004,mountain-peaks/mountain-peaks_000206.png,0,mountain-peaks
1307,snow/snow_000453.png,2,snow
1595,mountain-peaks/mountain-peaks_000193.png,0,mountain-peaks
2089,mountain-peaks/mountain-peaks_000642.png,0,mountain-peaks
64,mountains/mountains_000674.png,1,mountains
1793,mountain-peaks/mountain-peaks_000519.png,0,mountain-peaks
708,snow/snow_000815.png,2,snow
35,mountains/mountains_000619.png,1,mountains
300,mountains/mountains_000288.png,1,mountains
616,mountains/mountains_000072.png,1,mountains
1654,mountain-peaks/mountain-peaks_000897.png,0,mountain-peaks
1048,snow/snow_000497.png,2,snow
2050,mountain-peaks/mountain-peaks_000911.png,0,mountain-peaks
15,mountains/mountains_000858.png,1,mountains
976,snow/snow_000542.png,2,snow
240,mountains/mountains_000108.png,1,mountains
822,snow/snow_000073.png,2,snow
2000,mountain-peaks/mountain-peaks_000050.png,0,mountain-peaks
673,mountains/mountains_000298.png,1,mountains
135,mountains/mountains_000396.png,1,mountains
152,mountains/mountains_000549.png,1,mountains
1079,snow/snow_000160.png,2,snow
370,mountains/mountains_000399.png,1,mountains
68,mountains/mountains_000758.png,1,mountains
72,mountains/mountains_000368.png,1,mountains
916,snow/snow_000342.png,2,snow
62,mountains/mountains_000617.png,1,mountains
1204,snow/snow_000200.png,2,snow
137,mountains/mountains_000832.png,1,mountains
1449,mountain-peaks/mountain-peaks_000531.png,0,mountain-peaks
443,mountains/mountains_000817.png,1,mountains
508,mountains/mountains_000153.png,1,mountains
879,snow/snow_000404.png,2,snow
1579,mountain-peaks/mountain-peaks_000099.png,0,mountain-peaks
1475,mountain-peaks/mountain-peaks_000745.png,0,mountain-peaks
107,mountains/mountains_000081.png,1,mountains
1181,snow/snow_000210.png,2,snow
529,mountains/mountains_000616.png,1,mountains
97,mountains/mountains_000133.png,1,mountains
92,mountains/mountains_000635.png,1,mountains
367,mountains/mountains_000759.png,1,mountains
1762,mountain-peaks/mountain-peaks_000186.png,0,mountain-peaks
1826,mountain-peaks/mountain-peaks_000423.png,0,mountain-peaks
407,mountains/mountains_000166.png,1,mountains
1016,snow/snow_000037.png,2,snow
726,snow/snow_000260.png,2,snow
1681,mountain-peaks/mountain-peaks_000393.png,0,mountain-peaks
601,mountains/mountains_000658.png,1,mountains
1130,snow/snow_000414.png,2,snow
917,snow/snow_000386.png,2,snow
1784,mountain-peaks/mountain-peaks_000011.png,0,mountain-peaks
1582,mountain-peaks/mountain-peaks_000087.png,0,mountain-peaks
102,mountains/mountains_000859.png,1,mountains
203,mountains/mountains_000129.png,1,mountains
1962,mountain-peaks/mountain-peaks_000607.png,0,mountain-peaks
1756,mountain-peaks/mountain-peaks_000931.png,0,mountain-peaks
768,snow/snow_000454.png,2,snow
1202,snow/snow_000457.png,2,snow
1259,snow/snow_000224.png,2,snow
118,mountains/mountains_000787.png,1,mountains
255,mountains/mountains_000910.png,1,mountains
1273,snow/snow_000759.png,2,snow
861,snow/snow_000582.png,2,snow
39,mountains/mountains_000833.png,1,mountains
1600,mountain-peaks/mountain-peaks_000201.png,0,mountain-peaks
894,snow/snow_000191.png,2,snow
129,mountains/mountains_000215.png,1,mountains
1918,mountain-peaks/mountain-peaks_000933.png,0,mountain-peaks
1959,mountain-peaks/mountain-peaks_000915.png,0,mountain-peaks
1730,mountain-peaks/mountain-peaks_000571.png,0,mountain-peaks
177,mountains/mountains_000614.png,1,mountains
105,mountains/mountains_000294.png,1,mountains
1043,snow/snow_000977.png,2,snow
1554,mountain-peaks/mountain-peaks_000388.png,0,mountain-peaks
2091,mountain-peaks/mountain-peaks_000515.png,0,mountain-peaks
368,mountains/mountains_000852.png,1,mountains
608,mountains/mountains_000377.png,1,mountains
1661,mountain-peaks/mountain-peaks_000620.png,0,mountain-peaks
1430,mountain-peaks/mountain-peaks_000334.png,0,mountain-peaks
1950,mountain-peaks/mountain-peaks_000076.png,0,mountain-peaks
662,mountains/mountains_000019.png,1,mountains
2049,mountain-peaks/mountain-peaks_000262.png,0,mountain-peaks
1848,mountain-peaks/mountain-peaks_000819.png,0,mountain-peaks
231,mountains/mountains_000258.png,1,mountains
73,mountains/mountains_000034.png,1,mountains
55,mountains/mountains_000655.png,1,mountains
184,mountains/mountains_000065.png,1,mountains
1813,mountain-peaks/mountain-peaks_000578.png,0,mountain-peaks
817,snow/snow_000391.png,2,snow
1278,snow/snow_000287.png,2,snow
1940,mountain-peaks/mountain-peaks_000783.png,0,mountain-peaks
1196,snow/snow_000599.png,2,snow
379,mountains/mountains_000845.png,1,mountains
863,snow/snow_000962.png,2,snow
1486,mountain-peaks/mountain-peaks_000287.png,0,mountain-peaks
948,snow/snow_000944.png,2,snow
1680,mountain-peaks/mountain-peaks_000263.png,0,mountain-peaks
974,snow/snow_000851.png,2,snow
1520,mountain-peaks/mountain-peaks_000068.png,0,mountain-peaks
1891,mountain-peaks/mountain-peaks_000919.png,0,mountain-peaks
1275,snow/snow_000775.png,2,snow
812,snow/snow_000528.png,2,snow
1219,snow/snow_000991.png,2,snow
413,mountains/mountains_000628.png,1,mountains
1644,mountain-peaks/mountain-peaks_000785.png,0,mountain-peaks
670,mountains/mountains_000425.png,1,mountains
1095,snow/snow_000660.png,2,snow
1507,mountain-peaks/mountain-peaks_000700.png,0,mountain-peaks
1105,snow/snow_000715.png,2,snow
1021,snow/snow_000839.png,2,snow
175,mountains/mountains_000710.png,1,mountains
771,snow/snow_000871.png,2,snow
404,mountains/mountains_000565.png,1,mountains
1308,snow/snow_000434.png,2,snow
1291,snow/snow_000355.png,2,snow
1318,snow/snow_000825.png,2,snow
967,snow/snow_000232.png,2,snow
1272,snow/snow_000475.png,2,snow
1305,snow/snow_000675.png,2,snow
557,mountains/mountains_000022.png,1,mountains
438,mountains/mountains_000383.png,1,mountains
2069,mountain-peaks/mountain-peaks_000532.png,0,mountain-peaks
130,mountains/mountains_000945.png,1,mountains
1872,mountain-peaks/mountain-peaks_000715.png,0,mountain-peaks
1137,snow/snow_000054.png,2,snow
1904,mountain-peaks/mountain-peaks_000026.png,0,mountain-peaks
1906,mountain-peaks/mountain-peaks_000973.png,0,mountain-peaks
1170,snow/snow_000309.png,2,snow
1397,mountain-peaks/mountain-peaks_000045.png,0,mountain-peaks
1035,snow/snow_000344.png,2,snow
702,snow/snow_000932.png,2,snow
357,mountains/mountains_000838.png,1,mountains
1399,mountain-peaks/mountain-peaks_000190.png,0,mountain-peaks
1978,mountain-peaks/mountain-peaks_000612.png,0,mountain-peaks
1433,mountain-peaks/mountain-peaks_000668.png,0,mountain-peaks
1497,mountain-peaks/mountain-peaks_000389.png,0,mountain-peaks
496,mountains/mountains_000798.png,1,mountains
859,snow/snow_000379.png,2,snow
1696,mountain-peaks/mountain-peaks_000159.png,0,mountain-peaks
475,mountains/mountains_000912.png,1,mountains
907,snow/snow_000165.png,2,snow
1380,snow/snow_000376.png,2,snow
1047,snow/snow_000593.png,2,snow
1342,snow/snow_000532.png,2,snow
242,mountains/mountains_000559.png,1,mountains
16,mountains/mountains_000532.png,1,mountains
1504,mountain-peaks/mountain-peaks_000004.png,0,mountain-peaks
1944,mountain-peaks/mountain-peaks_000679.png,0,mountain-peaks
993,snow/snow_000008.png,2,snow
979,snow/snow_000783.png,2,snow
167,mountains/mountains_000661.png,1,mountains
1044,snow/snow_000227.png,2,snow
1287,snow/snow_000605.png,2,snow
1841,mountain-peaks/mountain-peaks_000379.png,0,mountain-peaks
705,snow/snow_000487.png,2,snow
1722,mountain-peaks/mountain-peaks_000070.png,0,mountain-peaks
2081,mountain-peaks/mountain-peaks_000983.png,0,mountain-peaks
1245,snow/snow_000564.png,2,snow
2018,mountain-peaks/mountain-peaks_000925.png,0,mountain-peaks
1084,snow/snow_000491.png,2,snow
1329,snow/snow_000510.png,2,snow
1143,snow/snow_000109.png,2,snow
1371,snow/snow_000818.png,2,snow
919,snow/snow_000736.png,2,snow
297,mountains/mountains_000986.png,1,mountains
1538,mountain-peaks/mountain-peaks_000124.png,0,mountain-peaks
884,snow/snow_000677.png,2,snow
1384,snow/snow_000586.png,2,snow
733,snow/snow_000982.png,2,snow
1852,mountain-peaks/mountain-peaks_000792.png,0,mountain-peaks
1306,snow/snow_000987.png,2,snow
492,mountains/mountains_000112.png,1,mountains
738,snow/snow_000844.png,2,snow
2011,mountain-peaks/mountain-peaks_000764.png,0,mountain-peaks
1382,snow/snow_000066.png,2,snow
434,mountains/mountains_000694.png,1,mountains
1178,snow/snow_000108.png,2,snow
481,mountains/mountains_000948.png,1,mountains
772,snow/snow_000220.png,2,snow
2066,mountain-peaks/mountain-peaks_000450.png,0,mountain-peaks
522,mountains/mountains_000229.png,1,mountains
1782,mountain-peaks/mountain-peaks_000761.png,0,mountain-peaks
1553,mountain-peaks/mountain-peaks_000795.png,0,mountain-peaks
1639,mountain-peaks/mountain-peaks_000197.png,0,mountain-peaks
941,snow/snow_000636.png,2,snow
174,mountains/mountains_000834.png,1,mountains
456,mountains/mountains_000800.png,1,mountains
1797,mountain-peaks/mountain-peaks_000917.png,0,mountain-peaks
469,mountains/mountains_000284.png,1,mountains
183,mountains/mountains_000606.png,1,mountains
1629,mountain-peaks/mountain-peaks_000505.png,0,mountain-peaks
2051,mountain-peaks/mountain-peaks_000241.png,0,mountain-peaks
1402,mountain-peaks/mountain-peaks_000923.png,0,mountain-peaks
1685,mountain-peaks/mountain-peaks_000032.png,0,mountain-peaks
286,mountains/mountains_000342.png,1,mountains
1001,snow/snow_000643.png,2,snow
882,snow/snow_000827.png,2,snow
1623,mountain-peaks/mountain-peaks_000177.png,0,mountain-peaks
8,mountains/mountains_000039.png,1,mountains
78,mountains/mountains_000313.png,1,mountains
63,mountains/mountains_000457.png,1,mountains
141,mountains/mountains_000155.png,1,mountains
1886,mountain-peaks/mountain-peaks_000827.png,0,mountain-peaks
329,mountains/mountains_000904.png,1,mountains
852,snow/snow_000199.png,2,snow
833,snow/snow_000979.png,2,snow
1262,snow/snow_000619.png,2,snow
1830,mountain-peaks/mountain-peaks_000614.png,0,mountain-peaks
26,mountains/mountains_000048.png,1,mountains
304,mountains/mountains_000597.png,1,mountains
1803,mountain-peaks/mountain-peaks_000405.png,0,mountain-peaks
1801,mountain-peaks/mountain-peaks_000494.png,0,mountain-peaks
374,mountains/mountains_000340.png,1,mountains
1598,mountain-peaks/mountain-peaks_000818.png,0,mountain-peaks
1167,snow/snow_000802.png,2,snow
1879,mountain-peaks/mountain-peaks_000289.png,0,mountain-peaks
261,mountains/mountains_000691.png,1,mountains
387,mountains/mountains_000947.png,1,mountains
154,mountains/mountains_000367.png,1,mountains
299,mountains/mountains_000967.png,1,mountains
1783,mountain-peaks/mountain-peaks_000136.png,0,mountain-peaks
87,mountains/mountains_000421.png,1,mountains
1697,mountain-peaks/mountain-peaks_000473.png,0,mountain-peaks
1584,mountain-peaks/mountain-peaks_000425.png,0,mountain-peaks
1274,snow/snow_000383.png,2,snow
294,mountains/mountains_000803.png,1,mountains
825,snow/snow_000792.png,2,snow
876,snow/snow_000557.png,2,snow
1819,mountain-peaks/mountain-peaks_000951.png,0,mountain-peaks
862,snow/snow_000368.png,2,snow
567,mountains/mountains_000317.png,1,mountains
1892,mountain-peaks/mountain-peaks_000298.png,0,mountain-peaks
1398,mountain-peaks/mountain-peaks_000350.png,0,mountain-peaks
1634,mountain-peaks/mountain-peaks_000394.png,0,mountain-peaks
59,mountains/mountains_000219.png,1,mountains
1753,mountain-peaks/mountain-peaks_000270.png,0,mountain-peaks
340,mountains/mountains_000200.png,1,mountains
235,mountains/mountains_000071.png,1,mountains
1500,mountain-peaks/mountain-peaks_000309.png,0,mountain-peaks
1439,mountain-peaks/mountain-peaks_000092.png,0,mountain-peaks
1580,mountain-peaks/mountain-peaks_000723.png,0,mountain-peaks
1468,mountain-peaks/mountain-peaks_000995.png,0,mountain-peaks
1213,snow/snow_000597.png,2,snow
577,mountains/mountains_000512.png,1,mountains
1422,mountain-peaks/mountain-peaks_000454.png,0,mountain-peaks
832,snow/snow_000925.png,2,snow
196,mountains/mountains_000434.png,1,mountains
1869,mountain-peaks/mountain-peaks_000189.png,0,mountain-peaks
533,mountains/mountains_000341.png,1,mountains
1138,snow/snow_000419.png,2,snow
1766,mountain-peaks/mountain-peaks_000458.png,0,mountain-peaks
1032,snow/snow_000718.png,2,snow
253,mountains/mountains_000067.png,1,mountains
218,mountains/mountains_000351.png,1,mountains
1243,snow/snow_000642.png,2,snow
994,snow/snow_000477.png,2,snow
417,mountains/mountains_000142.png,1,mountains
1462,mountain-peaks/mountain-peaks_000016.png,0,mountain-peaks
398,mountains/mountains_000095.png,1,mountains
1934,mountain-peaks/mountain-peaks_000085.png,0,mountain-peaks
1788,mountain-peaks/mountain-peaks_000724.png,0,mountain-peaks
1726,mountain-peaks/mountain-peaks_000548.png,0,mountain-peaks
308,mountains/mountains_000680.png,1,mountains
690,mountains/mountains_000274.png,1,mountains
2059,mountain-peaks/mountain-peaks_000629.png,0,mountain-peaks
1246,snow/snow_000298.png,2,snow
598,mountains/mountains_000921.png,1,mountains
671,mountains/mountains_000693.png,1,mountains
1410,mountain-peaks/mountain-peaks_000836.png,0,mountain-peaks
525,mountains/mountains_000315.png,1,mountains
1503,mountain-peaks/mountain-peaks_000815.png,0,mountain-peaks
626,mountains/mountains_000250.png,1,mountains
700,snow/snow_000279.png,2,snow
466,mountains/mountains_000103.png,1,mountains
1750,mountain-peaks/mountain-peaks_000174.png,0,mountain-peaks
176,mountains/mountains_000170.png,1,mountains
487,mountains/mountains_000826.png,1,mountains
1780,mountain-peaks/mountain-peaks_000675.png,0,mountain-peaks
656,mountains/mountains_000951.png,1,mountains
1662,mountain-peaks/mountain-peaks_000616.png,0,mountain-peaks
1501,mountain-peaks/mountain-peaks_000829.png,0,mountain-peaks
287,mountains/mountains_000641.png,1,mountains
191,mountains/mountains_000275.png,1,mountains
354,mountains/mountains_000402.png,1,mountains
927,snow/snow_000183.png,2,snow
1444,mountain-peaks/mountain-peaks_000666.png,0,mountain-peaks
760,snow/snow_000039.png,2,snow
1701,mountain-peaks/mountain-peaks_000876.png,0,mountain-peaks
1655,mountain-peaks/mountain-peaks_000967.png,0,mountain-peaks
1822,mountain-peaks/mountain-peaks_000412.png,0,mountain-peaks
41,mountains/mountains_000689.png,1,mountains
243,mountains/mountains_000701.png,1,mountains
728,snow/snow_000730.png,2,snow
1098,snow/snow_000750.png,2,snow
1855,mountain-peaks/mountain-peaks_000718.png,0,mountain-peaks
513,mountains/mountains_000610.png,1,mountains
1812,mountain-peaks/mountain-peaks_000821.png,0,mountain-peaks
534,mountains/mountains_000888.png,1,mountains
1761,mountain-peaks/mountain-peaks_000319.png,0,mountain-peaks
614,mountains/mountains_000627.png,1,mountains
1672,mountain-peaks/mountain-peaks_000993.png,0,mountain-peaks
1457,mountain-peaks/mountain-peaks_000295.png,0,mountain-peaks
110,mountains/mountains_000414.png,1,mountains
1336,snow/snow_000822.png,2,snow
718,snow/snow_000720.png,2,snow
70,mountains/mountains_000187.png,1,mountains
272,mountains/mountains_000458.png,1,mountains
2070,mountain-peaks/mountain-peaks_000751.png,0,mountain-peaks
330,mountains/mountains_000588.png,1,mountains
1052,snow/snow_000741.png,2,snow
1880,mountain-peaks/mountain-peaks_000962.png,0,mountain-peaks
149,mountains/mountains_000856.png,1,mountains
563,mountains/mountains_000862.png,1,mountains
1154,snow/snow_000500.png,2,snow
1317,snow/snow_000601.png,2,snow
344,mountains/mountains_000413.png,1,mountains
355,mountains/mountains_000353.png,1,mountains
950,snow/snow_000942.png,2,snow
698,snow/snow_000242.png,2,snow
663,mountains/mountains_000799.png,1,mountains
701,snow/snow_000990.png,2,snow
1727,mountain-peaks/mountain-peaks_000803.png,0,mountain-peaks
351,mountains/mountains_000574.png,1,mountains
1129,snow/snow_000388.png,2,snow
451,mountains/mountains_000696.png,1,mountains
901,snow/snow_000651.png,2,snow
2005,mountain-peaks/mountain-peaks_000910.png,0,mountain-peaks
1288,snow/snow_000761.png,2,snow
1936,mountain-peaks/mountain-peaks_000281.png,0,mountain-peaks
1058,snow/snow_000647.png,2,snow
962,snow/snow_000860.png,2,snow
1889,mountain-peaks/mountain-peaks_000362.png,0,mountain-peaks
666,mountains/mountains_000100.png,1,mountains
1802,mountain-peaks/mountain-peaks_000621.png,0,mountain-peaks
749,snow/snow_000770.png,2,snow
271,mountains/mountains_000282.png,1,mountains
860,snow/snow_000935.png,2,snow
668,mountains/mountains_000753.png,1,mountains
2080,mountain-peaks/mountain-peaks_000002.png,0,mountain-peaks
934,snow/snow_000511.png,2,snow
11,mountains/mountains_000733.png,1,mountains
1239,snow/snow_000092.png,2,snow
774,snow/snow_000423.png,2,snow
1408,mountain-peaks/mountain-peaks_000570.png,0,mountain-peaks
1732,mountain-peaks/mountain-peaks_000161.png,0,mountain-peaks
1435,mountain-peaks/mountain-peaks_000014.png,0,mountain-peaks
1829,mountain-peaks/mountain-peaks_000833.png,0,mountain-peaks
647,mountains/mountains_000319.png,1,mountains
1986,mountain-peaks/mountain-peaks_000196.png,0,mountain-peaks
1346,snow/snow_000021.png,2,snow
650,mountains/mountains_000233.png,1,mountains
1791,mountain-peaks/mountain-peaks_000698.png,0,mountain-peaks
1019,snow/snow_000313.png,2,snow
1481,mountain-peaks/mountain-peaks_000639.png,0,mountain-peaks
1698,mountain-peaks/mountain-peaks_000484.png,0,mountain-peaks
94,mountains/mountains_000596.png,1,mountains
797,snow/snow_000843.png,2,snow
2007,mountain-peaks/mountain-peaks_000143.png,0,mountain-peaks
136,mountains/mountains_000163.png,1,mountains
1567,mountain-peaks/mountain-peaks_000921.png,0,mountain-peaks
866,snow/snow_000669.png,2,snow
461,mountains/mountains_000723.png,1,mountains
652,mountains/mountains_000719.png,1,mountains
588,mountains/mountains_000446.png,1,mountains
188,mountains/mountains_000822.png,1,mountains
1967,mountain-peaks/mountain-peaks_000576.png,0,mountain-peaks
767,snow/snow_000499.png,2,snow
1425,mountain-peaks/mountain-peaks_000401.png,0,mountain-peaks
412,mountains/mountains_000333.png,1,mountains
108,mountains/mountains_000914.png,1,mountains
1678,mountain-peaks/mountain-peaks_000207.png,0,mountain-peaks
1081,snow/snow_000829.png,2,snow
1712,mountain-peaks/mountain-peaks_000840.png,0,mountain-peaks
2015,mountain-peaks/mountain-peaks_000844.png,0,mountain-peaks
1454,mountain-peaks/mountain-peaks_000265.png,0,mountain-peaks
1078,snow/snow_000230.png,2,snow
1166,snow/snow_000774.png,2,snow
2047,mountain-peaks/mountain-peaks_000149.png,0,mountain-peaks
871,snow/snow_000314.png,2,snow
439,mountains/mountains_000830.png,1,mountains
606,mountains/mountains_000534.png,1,mountains
410,mountains/mountains_000316.png,1,mountains
56,mountains/mountains_000580.png,1,mountains
1234,snow/snow_000795.png,2,snow
1126,snow/snow_000999.png,2,snow
1900,mountain-peaks/mountain-peaks_000776.png,0,mountain-peaks
179,mountains/mountains_000261.png,1,mountains
1227,snow/snow_000340.png,2,snow
498,mountains/mountains_000492.png,1,mountains
1070,snow/snow_000264.png,2,snow
1004,snow/snow_000320.png,2,snow
1805,mountain-peaks/mountain-peaks_000235.png,0,mountain-peaks
45,mountains/mountains_000087.png,1,mountains
1512,mountain-peaks/mountain-peaks_000862.png,0,mountain-peaks
933,snow/snow_000711.png,2,snow
1327,snow/snow_000529.png,2,snow
1359,snow/snow_000612.png,2,snow
1533,mountain-peaks/mountain-peaks_000364.png,0,mountain-peaks
1767,mountain-peaks/mountain-peaks_000410.png,0,mountain-peaks
1192,snow/snow_000697.png,2,snow
745,snow/snow_000048.png,2,snow
1102,snow/snow_000134.png,2,snow
1326,snow/snow_000604.png,2,snow
624,mountains/mountains_000553.png,1,mountains
1391,snow/snow_000338.png,2,snow
1677,mountain-peaks/mountain-peaks_000816.png,0,mountain-peaks
1484,mountain-peaks/mountain-peaks_000053.png,0,mountain-peaks
1992,mountain-peaks/mountain-peaks_000868.png,0,mountain-peaks
1236,snow/snow_000656.png,2,snow
1255,snow/snow_000111.png,2,snow
991,snow/snow_000354.png,2,snow
309,mountains/mountains_000673.png,1,mountains
1034,snow/snow_000806.png,2,snow
428,mountains/mountains_000703.png,1,mountains
807,snow/snow_000259.png,2,snow
1515,mountain-peaks/mountain-peaks_000633.png,0,mountain-peaks
992,snow/snow_000645.png,2,snow
1184,snow/snow_000327.png,2,snow
1364,snow/snow_000485.png,2,snow
1249,snow/snow_000504.png,2,snow
1941,mountain-peaks/mountain-peaks_000583.png,0,mountain-peaks
550,mountains/mountains_000254.png,1,mountains
1676,mountain-peaks/mountain-peaks_000132.png,0,mountain-peaks
1221,snow/snow_000038.png,2,snow
1703,mountain-peaks/mountain-peaks_000054.png,0,mountain-peaks
397,mountains/mountains_000594.png,1,mountains
865,snow/snow_000583.png,2,snow
1461,mountain-peaks/mountain-peaks_000003.png,0,mountain-peaks
633,mountains/mountains_000059.png,1,mountains
1290,snow/snow_000389.png,2,snow
1716,mountain-peaks/mountain-peaks_000500.png,0,mountain-peaks
1955,mountain-peaks/mountain-peaks_000736.png,0,mountain-peaks
1411,mountain-peaks/mountain-peaks_000273.png,0,mountain-peaks
1039,snow/snow_000919.png,2,snow
575,mountains/mountains_000106.png,1,mountains
549,mountains/mountains_000440.png,1,mountains
787,snow/snow_000010.png,2,snow
910,snow/snow_000765.png,2,snow
648,mountains/mountains_000649.png,1,mountains
1842,mountain-peaks/mountain-peaks_000742.png,0,mountain-peaks
1066,snow/snow_000889.png,2,snow
773,snow/snow_000072.png,2,snow
445,mountains/mountains_000849.png,1,mountains
201,mountains/mountains_000001.png,1,mountains
6,mountains/mountains_000428.png,1,mountains
1575,mountain-peaks/mountain-peaks_000918.png,0,mountain-peaks
90,mountains/mountains_000451.png,1,mountains
276,mountains/mountains_000409.png,1,mountains
10,mountains/mountains_000463.png,1,mountains
2020,mountain-peaks/mountain-peaks_000384.png,0,mountain-peaks
1614,mountain-peaks/mountain-peaks_000686.png,0,mountain-peaks
116,mountains/mountains_000227.png,1,mountains
2009,mountain-peaks/mountain-peaks_000664.png,0,mountain-peaks
1429,mountain-peaks/mountain-peaks_000057.png,0,mountain-peaks
841,snow/snow_000310.png,2,snow
689,mountains/mountains_000432.png,1,mountains
1931,mountain-peaks/mountain-peaks_000881.png,0,mountain-peaks
1806,mountain-peaks/mountain-peaks_000507.png,0,mountain-peaks
521,mountains/mountains_000311.png,1,mountains
1355,snow/snow_000449.png,2,snow
1103,snow/snow_000835.png,2,snow
1383,snow/snow_000458.png,2,snow
1483,mountain-peaks/mountain-peaks_000650.png,0,mountain-peaks
1251,snow/snow_000306.png,2,snow
1146,snow/snow_000346.png,2,snow
1976,mountain-peaks/mountain-peaks_000861.png,0,mountain-peaks
724,snow/snow_000325.png,2,snow
1423,mountain-peaks/mountain-peaks_000777.png,0,mountain-peaks
783,snow/snow_000894.png,2,snow
925,snow/snow_000118.png,2,snow
574,mountains/mountains_000958.png,1,mountains
1268,snow/snow_000401.png,2,snow
1164,snow/snow_000153.png,2,snow
591,mountains/mountains_000135.png,1,mountains
43,mountains/mountains_000004.png,1,mountains
241,mountains/mountains_000186.png,1,mountains
33,mountains/mountains_000729.png,1,mountains
1593,mountain-peaks/mountain-peaks_000854.png,0,mountain-peaks
1085,snow/snow_000367.png,2,snow
147,mountains/mountains_000406.png,1,mountains
1314,snow/snow_000474.png,2,snow
2052,mountain-peaks/mountain-peaks_000802.png,0,mountain-peaks
1412,mountain-peaks/mountain-peaks_000229.png,0,mountain-peaks
1953,mountain-peaks/mountain-peaks_000466.png,0,mountain-peaks
935,snow/snow_000461.png,2,snow
945,snow/snow_000879.png,2,snow
1413,mountain-peaks/mountain-peaks_000522.png,0,mountain-peaks
50,mountains/mountains_000820.png,1,mountains
1160,snow/snow_000891.png,2,snow
131,mountains/mountains_000709.png,1,mountains
1106,snow/snow_000571.png,2,snow
489,mountains/mountains_000762.png,1,mountains
837,snow/snow_000257.png,2,snow
1116,snow/snow_000149.png,2,snow
892,snow/snow_000307.png,2,snow
795,snow/snow_000867.png,2,snow
527,mountains/mountains_000583.png,1,mountains
85,mountains/mountains_000978.png,1,mountains
1348,snow/snow_000482.png,2,snow
1051,snow/snow_000657.png,2,snow
95,mountains/mountains_000221.png,1,mountains
1351,snow/snow_000957.png,2,snow
1155,snow/snow_000947.png,2,snow
210,mountains/mountains_000145.png,1,mountains
1687,mountain-peaks/mountain-peaks_000380.png,0,mountain-peaks
1601,mountain-peaks/mountain-peaks_000950.png,0,mountain-peaks
1009,snow/snow_000886.png,2,snow
987,snow/snow_000098.png,2,snow
1997,mountain-peaks/mountain-peaks_000801.png,0,mountain-peaks
221,mountains/mountains_000775.png,1,mountains
542,mountains/mountains_000381.png,1,mountains
1434,mountain-peaks/mountain-peaks_000842.png,0,mountain-peaks
1827,mountain-peaks/mountain-peaks_000357.png,0,mountain-peaks
1964,mountain-peaks/mountain-peaks_000630.png,0,mountain-peaks
1935,mountain-peaks/mountain-peaks_000894.png,0,mountain-peaks
265,mountains/mountains_000902.png,1,mountains
1565,mountain-peaks/mountain-peaks_000755.png,0,mountain-peaks
1884,mountain-peaks/mountain-peaks_000240.png,0,mountain-peaks
1984,mountain-peaks/mountain-peaks_000115.png,0,mountain-peaks
643,mountains/mountains_000913.png,1,mountains
816,snow/snow_000748.png,2,snow
1488,mountain-peaks/mountain-peaks_000198.png,0,mountain-peaks
609,mountains/mountains_000192.png,1,mountains
503,mountains/mountains_000306.png,1,mountains
414,mountains/mountains_000745.png,1,mountains
1300,snow/snow_000691.png,2,snow
2054,mountain-peaks/mountain-peaks_000730.png,0,mountain-peaks
228,mountains/mountains_000530.png,1,mountains
1882,mountain-peaks/mountain-peaks_000672.png,0,mountain-peaks
51,mountains/mountains_000915.png,1,mountains
233,mountains/mountains_000243.png,1,mountains
729,snow/snow_000413.png,2,snow
1876,mountain-peaks/mountain-peaks_000291.png,0,mountain-peaks
1097,snow/snow_000588.png,2,snow
1606,mountain-peaks/mountain-peaks_000828.png,0,mountain-peaks
732,snow/snow_000336.png,2,snow
576,mountains/mountains_000375.png,1,mountains
1228,snow/snow_000663.png,2,snow
337,mountains/mountains_000538.png,1,mountains
1111,snow/snow_000717.png,2,snow
1283,snow/snow_000398.png,2,snow
1109,snow/snow_000333.png,2,snow
1740,mountain-peaks/mountain-peaks_000976.png,0,mountain-peaks
1828,mountain-peaks/mountain-peaks_000562.png,0,mountain-peaks
1569,mountain-peaks/mountain-peaks_000275.png,0,mountain-peaks
180,mountains/mountains_000747.png,1,mountains
1337,snow/snow_000816.png,2,snow
1080,snow/snow_000409.png,2,snow
1652,mountain-peaks/mountain-peaks_000316.png,0,mountain-peaks
1853,mountain-peaks/mountain-peaks_000534.png,0,mountain-peaks
1924,mountain-peaks/mountain-peaks_000506.png,0,mountain-peaks
1544,mountain-peaks/mountain-peaks_000430.png,0,mountain-peaks
1666,mountain-peaks/mountain-peaks_000429.png,0,mountain-peaks
554,mountains/mountains_000460.png,1,mountains
1570,mountain-peaks/mountain-peaks_000971.png,0,mountain-peaks
1771,mountain-peaks/mountain-peaks_000107.png,0,mountain-peaks
173,mountains/mountains_000489.png,1,mountains
1094,snow/snow_000464.png,2,snow
1912,mountain-peaks/mountain-peaks_000996.png,0,mountain-peaks
190,mountains/mountains_000571.png,1,mountains
664,mountains/mountains_000226.png,1,mountains
905,snow/snow_000710.png,2,snow
66,mountains/mountains_000278.png,1,mountains
484,mountains/mountains_000225.png,1,mountains
1041,snow/snow_000732.png,2,snow
632,mountains/mountains_000671.png,1,mountains
947,snow/snow_000856.png,2,snow
1432,mountain-peaks/mountain-peaks_000372.png,0,mountain-peaks
232,mountains/mountains_000268.png,1,mountains
1002,snow/snow_000177.png,2,snow
1590,mountain-peaks/mountain-peaks_000073.png,0,mountain-peaks
156,mountains/mountains_000584.png,1,mountains
1,mountains/mountains_000263.png,1,mountains
1592,mountain-peaks/mountain-peaks_000688.png,0,mountain-peaks
2010,mountain-peaks/mountain-peaks_000200.png,0,mountain-peaks
1257,snow/snow_000632.png,2,snow
704,snow/snow_000268.png,2,snow
491,mountains/mountains_000273.png,1,mountains
625,mountains/mountains_000320.png,1,mountains
1838,mountain-peaks/mountain-peaks_000482.png,0,mountain-peaks
1856,mountain-peaks/mountain-peaks_000584.png,0,mountain-peaks
569,mountains/mountains_000264.png,1,mountains
849,snow/snow_000934.png,2,snow
1588,mountain-peaks/mountain-peaks_000704.png,0,mountain-peaks
514,mountains/mountains_000949.png,1,mountains
1611,mountain-peaks/mountain-peaks_000638.png,0,mountain-peaks
520,mountains/mountains_000453.png,1,mountains
1354,snow/snow_000869.png,2,snow
1441,mountain-peaks/mountain-peaks_000605.png,0,mountain-peaks
111,mountains/mountains_000167.png,1,mountains
956,snow/snow_000539.png,2,snow
1867,mountain-peaks/mountain-peaks_000164.png,0,mountain-peaks
788,snow/snow_000572.png,2,snow
284,mountains/mountains_000988.png,1,mountains
1673,mountain-peaks/mountain-peaks_000202.png,0,mountain-peaks
897,snow/snow_000600.png,2,snow
1492,mountain-peaks/mountain-peaks_000358.png,0,mountain-peaks
646,mountains/mountains_000299.png,1,mountains
1916,mountain-peaks/mountain-peaks_000165.png,0,mountain-peaks
1000,snow/snow_000237.png,2,snow
2006,mountain-peaks/mountain-peaks_000490.png,0,mountain-peaks
1972,mountain-peaks/mountain-peaks_000253.png,0,mountain-peaks
1120,snow/snow_000365.png,2,snow
1470,mountain-peaks/mountain-peaks_000972.png,0,mountain-peaks
1607,mountain-peaks/mountain-peaks_000407.png,0,mountain-peaks
631,mountains/mountains_000300.png,1,mountains
757,snow/snow_000326.png,2,snow
1163,snow/snow_000125.png,2,snow
1763,mountain-peaks/mountain-peaks_000294.png,0,mountain-peaks
2014,mountain-peaks/mountain-peaks_000717.png,0,mountain-peaks
158,mountains/mountains_000204.png,1,mountains
1547,mountain-peaks/mountain-peaks_000765.png,0,mountain-peaks
1121,snow/snow_000274.png,2,snow
1651,mountain-peaks/mountain-peaks_000020.png,0,mountain-peaks
578,mountains/mountains_000573.png,1,mountains
1064,snow/snow_000427.png,2,snow
415,mountains/mountains_000405.png,1,mountains
889,snow/snow_000059.png,2,snow
1667,mountain-peaks/mountain-peaks_000158.png,0,mountain-peaks
593,mountains/mountains_000293.png,1,mountains
390,mountains/mountains_000537.png,1,mountains
1630,mountain-peaks/mountain-peaks_000623.png,0,mountain-peaks
150,mountains/mountains_000109.png,1,mountains
921,snow/snow_000855.png,2,snow
1310,snow/snow_000101.png,2,snow
266,mountains/mountains_000903.png,1,mountains
113,mountains/mountains_000589.png,1,mountains
1344,snow/snow_000797.png,2,snow
1216,snow/snow_000071.png,2,snow
1798,mountain-peaks/mountain-peaks_000146.png,0,mountain-peaks
213,mountains/mountains_000235.png,1,mountains
1845,mountain-peaks/mountain-peaks_000337.png,0,mountain-peaks
401,mountains/mountains_000114.png,1,mountains
1871,mountain-peaks/mountain-peaks_000492.png,0,mountain-peaks
1851,mountain-peaks/mountain-peaks_000233.png,0,mountain-peaks
1386,snow/snow_000896.png,2,snow
425,mountains/mountains_000876.png,1,mountains
1480,mountain-peaks/mountain-peaks_000411.png,0,mountain-peaks
932,snow/snow_000181.png,2,snow
1741,mountain-peaks/mountain-peaks_000991.png,0,mountain-peaks
2019,mountain-peaks/mountain-peaks_000360.png,0,mountain-peaks
1957,mountain-peaks/mountain-peaks_001000.png,0,mountain-peaks
1090,snow/snow_000841.png,2,snow
1168,snow/snow_000876.png,2,snow
2042,mountain-peaks/mountain-peaks_000093.png,0,mountain-peaks
742,snow/snow_000359.png,2,snow
2031,mountain-peaks/mountain-peaks_000226.png,0,mountain-peaks
2074,mountain-peaks/mountain-peaks_000039.png,0,mountain-peaks
1369,snow/snow_000011.png,2,snow
1159,snow/snow_000216.png,2,snow
197,mountains/mountains_000047.png,1,mountains
581,mountains/mountains_000104.png,1,mountains
1013,snow/snow_000927.png,2,snow
1237,snow/snow_000768.png,2,snow
163,mountains/mountains_000149.png,1,mountains
1414,mountain-peaks/mountain-peaks_000645.png,0,mountain-peaks
1817,mountain-peaks/mountain-peaks_000940.png,0,mountain-peaks
679,mountains/mountains_000742.png,1,mountains
289,mountains/mountains_000356.png,1,mountains
538,mountains/mountains_000953.png,1,mountains
985,snow/snow_000265.png,2,snow
803,snow/snow_000248.png,2,snow
1125,snow/snow_000212.png,2,snow
877,snow/snow_000266.png,2,snow
1089,snow/snow_000117.png,2,snow
1625,mountain-peaks/mountain-peaks_000398.png,0,mountain-peaks
1350,snow/snow_000983.png,2,snow
305,mountains/mountains_000092.png,1,mountains
1393,mountain-peaks/mountain-peaks_000008.png,0,mountain-peaks
1989,mountain-peaks/mountain-peaks_000716.png,0,mountain-peaks
851,snow/snow_000424.png,2,snow
1844,mountain-peaks/mountain-peaks_000399.png,0,mountain-peaks
411,mountains/mountains_000708.png,1,mountains
1261,snow/snow_000433.png,2,snow
1368,snow/snow_000395.png,2,snow
1513,mountain-peaks/mountain-peaks_000255.png,0,mountain-peaks
321,mountains/mountains_000667.png,1,mountains
547,mountains/mountains_000935.png,1,mountains
1668,mountain-peaks/mountain-peaks_000851.png,0,mountain-peaks
400,mountains/mountains_000642.png,1,mountains
789,snow/snow_000197.png,2,snow
1556,mountain-peaks/mountain-peaks_000311.png,0,mountain-peaks
1759,mountain-peaks/mountain-peaks_000936.png,0,mountain-peaks
494,mountains/mountains_000208.png,1,mountains
1309,snow/snow_000535.png,2,snow
875,snow/snow_000808.png,2,snow
918,snow/snow_000692.png,2,snow
2053,mountain-peaks/mountain-peaks_000228.png,0,mountain-peaks
1637,mountain-peaks/mountain-peaks_000628.png,0,mountain-peaks
1987,mountain-peaks/mountain-peaks_000359.png,0,mountain-peaks
393,mountains/mountains_000007.png,1,mountains
796,snow/snow_000295.png,2,snow
810,snow/snow_000241.png,2,snow
74,mountains/mountains_000797.png,1,mountains
719,snow/snow_000915.png,2,snow
1011,snow/snow_000296.png,2,snow
674,mountains/mountains_000486.png,1,mountains
986,snow/snow_000271.png,2,snow
212,mountains/mountains_000585.png,1,mountains
1506,mountain-peaks/mountain-peaks_000959.png,0,mountain-peaks
940,snow/snow_000909.png,2,snow
778,snow/snow_000040.png,2,snow
1524,mountain-peaks/mountain-peaks_000846.png,0,mountain-peaks
1194,snow/snow_000968.png,2,snow
1888,mountain-peaks/mountain-peaks_000118.png,0,mountain-peaks
1749,mountain-peaks/mountain-peaks_000038.png,0,mountain-peaks
720,snow/snow_000981.png,2,snow
1024,snow/snow_000873.png,2,snow
1374,snow/snow_000403.png,2,snow
69,mountains/mountains_000420.png,1,mountains
660,mountains/mountains_000401.png,1,mountains
706,snow/snow_000788.png,2,snow
1395,mountain-peaks/mountain-peaks_000721.png,0,mountain-peaks
457,mountains/mountains_000937.png,1,mountains
1416,mountain-peaks/mountain-peaks_000284.png,0,mountain-peaks
1552,mountain-peaks/mountain-peaks_000493.png,0,mountain-peaks
1968,mountain-peaks/mountain-peaks_000251.png,0,mountain-peaks
1937,mountain-peaks/mountain-peaks_000510.png,0,mountain-peaks
2045,mountain-peaks/mountain-peaks_000017.png,0,mountain-peaks
1720,mountain-peaks/mountain-peaks_000956.png,0,mountain-peaks
543,mountains/mountains_000212.png,1,mountains
649,mountains/mountains_000271.png,1,mountains
1027,snow/snow_000043.png,2,snow
151,mountains/mountains_000209.png,1,mountains
283,mountains/mountains_000528.png,1,mountains
1270,snow/snow_000139.png,2,snow
463,mountains/mountains_000017.png,1,mountains
1017,snow/snow_000617.png,2,snow
1516,mountain-peaks/mountain-peaks_000550.png,0,mountain-peaks
661,mountains/mountains_000506.png,1,mountains
170,mountains/mountains_000812.png,1,mountains
268,mountains/mountains_000761.png,1,mountains
2048,mountain-peaks/mountain-peaks_000860.png,0,mountain-peaks
98,mountains/mountains_000238.png,1,mountains
502,mountains/mountains_000611.png,1,mountains
1069,snow/snow_000293.png,2,snow
1754,mountain-peaks/mountain-peaks_000655.png,0,mountain-peaks
1691,mountain-peaks/mountain-peaks_000877.png,0,mountain-peaks
1873,mountain-peaks/mountain-peaks_000156.png,0,mountain-peaks
572,mountains/mountains_000624.png,1,mountains
132,mountains/mountains_000789.png,1,mountains
249,mountains/mountains_000331.png,1,mountains
1083,snow/snow_000516.png,2,snow
998,snow/snow_000890.png,2,snow
47,mountains/mountains_000716.png,1,mountains
133,mountains/mountains_000286.png,1,mountains
347,mountains/mountains_000917.png,1,mountains
746,snow/snow_000069.png,2,snow
302,mountains/mountains_000930.png,1,mountains
2075,mountain-peaks/mountain-peaks_000417.png,0,mountain-peaks
1810,mountain-peaks/mountain-peaks_000952.png,0,mountain-peaks
756,snow/snow_000525.png,2,snow
1653,mountain-peaks/mountain-peaks_000768.png,0,mountain-peaks
1859,mountain-peaks/mountain-peaks_000643.png,0,mountain-peaks
2026,mountain-peaks/mountain-peaks_000536.png,0,mountain-peaks
727,snow/snow_000810.png,2,snow
1775,mountain-peaks/mountain-peaks_000937.png,0,mountain-peaks
1619,mountain-peaks/mountain-peaks_000813.png,0,mountain-peaks
1284,snow/snow_000976.png,2,snow
2025,mountain-peaks/mountain-peaks_000305.png,0,mountain-peaks
634,mountains/mountains_000115.png,1,mountains
683,mountains/mountains_000350.png,1,mountains
1769,mountain-peaks/mountain-peaks_000271.png,0,mountain-peaks
418,mountains/mountains_000119.png,1,mountains
493,mountains/mountains_000079.png,1,mountains
1864,mountain-peaks/mountain-peaks_000606.png,0,mountain-peaks
1620,mountain-peaks/mountain-peaks_000572.png,0,mountain-peaks
1140,snow/snow_000631.png,2,snow
627,mountains/mountains_000643.png,1,mountains
58,mountains/mountains_000868.png,1,mountains
1532,mountain-peaks/mountain-peaks_000677.png,0,mountain-peaks
1958,mountain-peaks/mountain-peaks_000525.png,0,mountain-peaks
1390,snow/snow_000984.png,2,snow
1191,snow/snow_000284.png,2,snow
2016,mountain-peaks/mountain-peaks_000064.png,0,mountain-peaks
694,snow/snow_000110.png,2,snow
1372,snow/snow_000397.png,2,snow
1299,snow/snow_000471.png,2,snow
597,mountains/mountains_000925.png,1,mountains
115,mountains/mountains_000907.png,1,mountains
836,snow/snow_000188.png,2,snow
528,mountains/mountains_000877.png,1,mountains
1865,mountain-peaks/mountain-peaks_000889.png,0,mountain-peaks
519,mountains/mountains_000394.png,1,mountains
881,snow/snow_000440.png,2,snow
296,mountains/mountains_000354.png,1,mountains
1669,mountain-peaks/mountain-peaks_000328.png,0,mountain-peaks
645,mountains/mountains_000850.png,1,mountains
1572,mountain-peaks/mountain-peaks_000888.png,0,mountain-peaks
474,mountains/mountains_000431.png,1,mountains
1476,mountain-peaks/mountain-peaks_000543.png,0,mountain-peaks
1071,snow/snow_000278.png,2,snow
506,mountains/mountains_000033.png,1,mountains
510,mountains/mountains_000006.png,1,mountains
476,mountains/mountains_000477.png,1,mountains
1758,mountain-peaks/mountain-peaks_000059.png,0,mountain-peaks
1075,snow/snow_000820.png,2,snow
226,mountains/mountains_000020.png,1,mountains
273,mountains/mountains_000499.png,1,mountains
380,mountains/mountains_000690.png,1,mountains
2056,mountain-peaks/mountain-peaks_000927.png,0,mountain-peaks
926,snow/snow_000689.png,2,snow
2027,mountain-peaks/mountain-peaks_000695.png,0,mountain-peaks
165,mountains/mountains_000376.png,1,mountains
366,mountains/mountains_000867.png,1,mountains
739,snow/snow_000971.png,2,snow
762,snow/snow_000470.png,2,snow
153,mountains/mountains_000090.png,1,mountains
1465,mountain-peaks/mountain-peaks_000926.png,0,mountain-peaks
1205,snow/snow_000494.png,2,snow
40,mountains/mountains_000726.png,1,mountains
1943,mountain-peaks/mountain-peaks_000139.png,0,mountain-peaks
446,mountains/mountains_000180.png,1,mountains
558,mountains/mountains_000513.png,1,mountains
1396,mountain-peaks/mountain-peaks_000566.png,0,mountain-peaks
1197,snow/snow_000286.png,2,snow
1814,mountain-peaks/mountain-peaks_000865.png,0,mountain-peaks
31,mountains/mountains_000064.png,1,mountains
444,mountains/mountains_000442.png,1,mountains
1055,snow/snow_000239.png,2,snow
1747,mountain-peaks/mountain-peaks_000563.png,0,mountain-peaks
845,snow/snow_000415.png,2,snow
805,snow/snow_000290.png,2,snow
339,mountains/mountains_000206.png,1,mountains
613,mountains/mountains_000599.png,1,mountains
1253,snow/snow_000238.png,2,snow
1646,mountain-peaks/mountain-peaks_000071.png,0,mountain-peaks
853,snow/snow_000507.png,2,snow
334,mountains/mountains_000631.png,1,mountains
1768,mountain-peaks/mountain-peaks_000232.png,0,mountain-peaks
361,mountains/mountains_000136.png,1,mountains
815,snow/snow_000102.png,2,snow
1023,snow/snow_000055.png,2,snow
1301,snow/snow_000372.png,2,snow
377,mountains/mountains_000666.png,1,mountains
358,mountains/mountains_000840.png,1,mountains
1062,snow/snow_000330.png,2,snow
546,mountains/mountains_000652.png,1,mountains
1656,mountain-peaks/mountain-peaks_000314.png,0,mountain-peaks
1186,snow/snow_000285.png,2,snow
1938,mountain-peaks/mountain-peaks_000257.png,0,mountain-peaks
211,mountains/mountains_000444.png,1,mountains
677,mountains/mountains_000663.png,1,mountains
426,mountains/mountains_000046.png,1,mountains
1508,mountain-peaks/mountain-peaks_000418.png,0,mountain-peaks
350,mountains/mountains_000836.png,1,mountains
362,mountains/mountains_000739.png,1,mountains
1110,snow/snow_000225.png,2,snow
311,mountains/mountains_000901.png,1,mountains
659,mountains/mountains_000334.png,1,mountains
101,mountains/mountains_000807.png,1,mountains
2082,mountain-peaks/mountain-peaks_000552.png,0,mountain-peaks
1478,mountain-peaks/mountain-peaks_000771.png,0,mountain-peaks
25,mountains/mountains_000776.png,1,mountains
1010,snow/snow_000630.png,2,snow
223,mountains/mountains_000976.png,1,mountains
1863,mountain-peaks/mountain-peaks_000998.png,0,mountain-peaks
1702,mountain-peaks/mountain-peaks_000835.png,0,mountain-peaks
1375,snow/snow_000473.png,2,snow
820,snow/snow_000036.png,2,snow
18,mountains/mountains_000277.png,1,mountains
736,snow/snow_000840.png,2,snow
957,snow/snow_000917.png,2,snow
2058,mountain-peaks/mountain-peaks_000173.png,0,mountain-peaks
1265,snow/snow_000849.png,2,snow
641,mountains/mountains_000281.png,1,mountains
148,mountains/mountains_000621.png,1,mountains
1692,mountain-peaks/mountain-peaks_000922.png,0,mountain-peaks
622,mountains/mountains_000426.png,1,mountains
1171,snow/snow_000211.png,2,snow
873,snow/snow_000166.png,2,snow
500,mountains/mountains_000959.png,1,mountains
821,snow/snow_000049.png,2,snow
168,mountains/mountains_000570.png,1,mountains
288,mountains/mountains_000625.png,1,mountains
1343,snow/snow_000563.png,2,snow
2034,mountain-peaks/mountain-peaks_000184.png,0,mountain-peaks
2022,mountain-peaks/mountain-peaks_000457.png,0,mountain-peaks
1442,mountain-peaks/mountain-peaks_000604.png,0,mountain-peaks
886,snow/snow_000331.png,2,snow
553,mountains/mountains_000653.png,1,mountains
1473,mountain-peaks/mountain-peaks_000307.png,0,mountain-peaks
195,mountains/mountains_000543.png,1,mountains
716,snow/snow_000156.png,2,snow
1230,snow/snow_000671.png,2,snow
793,snow/snow_000560.png,2,snow
1526,mountain-peaks/mountain-peaks_000793.png,0,mountain-peaks
667,mountains/mountains_000127.png,1,mountains
1030,snow/snow_000119.png,2,snow
1537,mountain-peaks/mountain-peaks_000722.png,0,mountain-peaks
1618,mountain-peaks/mountain-peaks_000987.png,0,mountain-peaks
104,mountains/mountains_000645.png,1,mountains
21,mountains/mountains_000496.png,1,mountains
1902,mountain-peaks/mountain-peaks_000593.png,0,mountain-peaks
878,snow/snow_000870.png,2,snow
142,mountains/mountains_000983.png,1,mountains
91,mountains/mountains_000669.png,1,mountains
338,mountains/mountains_000882.png,1,mountains
951,snow/snow_000515.png,2,snow
755,snow/snow_000521.png,2,snow
1182,snow/snow_000205.png,2,snow
100,mountains/mountains_000857.png,1,mountains
229,mountains/mountains_000231.png,1,mountains
30,mountains/mountains_000965.png,1,mountains
968,snow/snow_000319.png,2,snow
1952,mountain-peaks/mountain-peaks_000131.png,0,mountain-peaks
1267,snow/snow_000596.png,2,snow
1379,snow/snow_000807.png,2,snow
1674,mountain-peaks/mountain-peaks_000961.png,0,mountain-peaks
515,mountains/mountains_000295.png,1,mountains
1735,mountain-peaks/mountain-peaks_000236.png,0,mountain-peaks
1118,snow/snow_000324.png,2,snow
665,mountains/mountains_000195.png,1,mountains
1119,snow/snow_000975.png,2,snow
1633,mountain-peaks/mountain-peaks_000088.png,0,mountain-peaks
2008,mountain-peaks/mountain-peaks_000467.png,0,mountain-peaks
710,snow/snow_000444.png,2,snow
1660,mountain-peaks/mountain-peaks_000103.png,0,mountain-peaks
1946,mountain-peaks/mountain-peaks_000636.png,0,mountain-peaks
1858,mountain-peaks/mountain-peaks_000246.png,0,mountain-peaks
1206,snow/snow_000661.png,2,snow
638,mountains/mountains_000517.png,1,mountains
326,mountains/mountains_000279.png,1,mountains
2087,mountain-peaks/mountain-peaks_000549.png,0,mountain-peaks
117,mountains/mountains_000717.png,1,mountains
904,snow/snow_000901.png,2,snow
436,mountains/mountains_000218.png,1,mountains
1729,mountain-peaks/mountain-peaks_000195.png,0,mountain-peaks
784,snow/snow_000908.png,2,snow
999,snow/snow_000068.png,2,snow
1799,mountain-peaks/mountain-peaks_000560.png,0,mountain-peaks
963,snow/snow_000665.png,2,snow
612,mountains/mountains_000379.png,1,mountains
251,mountains/mountains_000572.png,1,mountains
216,mountains/mountains_000848.png,1,mountains
1144,snow/snow_000316.png,2,snow
1699,mountain-peaks/mountain-peaks_000455.png,0,mountain-peaks
895,snow/snow_000167.png,2,snow
911,snow/snow_000786.png,2,snow
654,mountains/mountains_000575.png,1,mountains
1173,snow/snow_000618.png,2,snow
1608,mountain-peaks/mountain-peaks_000293.png,0,mountain-peaks
278,mountains/mountains_000552.png,1,mountains
1613,mountain-peaks/mountain-peaks_000942.png,0,mountain-peaks
373,mountains/mountains_000670.png,1,mountains
185,mountains/mountains_000893.png,1,mountains
1905,mountain-peaks/mountain-peaks_000685.png,0,mountain-peaks
1542,mountain-peaks/mountain-peaks_000047.png,0,mountain-peaks
1240,snow/snow_000308.png,2,snow
695,snow/snow_000996.png,2,snow
1012,snow/snow_000275.png,2,snow
1974,mountain-peaks/mountain-peaks_000874.png,0,mountain-peaks
2012,mountain-peaks/mountain-peaks_000986.png,0,mountain-peaks
1026,snow/snow_000726.png,2,snow
369,mountains/mountains_000036.png,1,mountains
372,mountains/mountains_000497.png,1,mountains
1195,snow/snow_000083.png,2,snow
1264,snow/snow_000607.png,2,snow
743,snow/snow_000622.png,2,snow
1385,snow/snow_000913.png,2,snow
82,mountains/mountains_000944.png,1,mountains
382,mountains/mountains_000246.png,1,mountains
488,mountains/mountains_000804.png,1,mountains
1232,snow/snow_000421.png,2,snow
846,snow/snow_000033.png,2,snow
306,mountains/mountains_000555.png,1,mountains
378,mountains/mountains_000707.png,1,mountains
